<annotation>
	<folder>X_ray</folder>
	<filename>P00178.jpg</filename>
	<source>
		<database>The X_ray Database</database>
		<annotation>The X_ray Database</annotation>
		<image>X_ray</image>
		<flickrid>0</flickrid>
	</source>
	<owner>
		<flickrid>miaocaijing16@mails.ucas.ac.ac</flickrid>
		<name>MeioJane</name>
	</owner>
	<size>
		<width>705</width>
		<height>461</height>
		<depth>3</depth>
	</size>
	<segmented>0</segmented>
	<object>
		<name>Gun</name>
		<pose>Unspecified</pose>
		<truncated>0</truncated>
		<difficult>0</difficult>
		<bndbox>
			<xmin>456.861</xmin>
			<ymin>190.169</ymin>
			<xmax>627.065</xmax>
			<ymax>272.433</ymax>
		</bndbox>
	</object>
	<object>
		<name>Gun</name>
		<pose>Unspecified</pose>
		<truncated>0</truncated>
		<difficult>0</difficult>
		<bndbox>
			<xmin>430.883</xmin>
			<ymin>95.619</ymin>
			<xmax>580.483</xmax>
			<ymax>210.468</ymax>
		</bndbox>
	</object>
	<object>
		<name>Knife</name>
		<pose>Unspecified</pose>
		<truncated>0</truncated>
		<difficult>0</difficult>
		<bndbox>
			<xmin>496.277</xmin>
			<ymin>65.17</ymin>
			<xmax>662.897</xmax>
			<ymax>217.413</ymax>
		</bndbox>
	</object>
</annotation>
