<annotation>
	<folder>X_ray</folder>
	<filename>P00225.jpg</filename>
	<source>
		<database>The X_ray Database</database>
		<annotation>The X_ray Database</annotation>
		<image>X_ray</image>
		<flickrid>0</flickrid>
	</source>
	<owner>
		<flickrid>miaocaijing16@mails.ucas.ac.ac</flickrid>
		<name>MeioJane</name>
	</owner>
	<size>
		<width>888</width>
		<height>598</height>
		<depth>3</depth>
	</size>
	<segmented>0</segmented>
	<object>
		<name>Gun</name>
		<pose>Unspecified</pose>
		<truncated>0</truncated>
		<difficult>0</difficult>
		<bndbox>
			<xmin>127.502</xmin>
			<ymin>308.355</ymin>
			<xmax>229.052</xmax>
			<ymax>421.302</ymax>
		</bndbox>
	</object>
	<object>
		<name>Gun</name>
		<pose>Unspecified</pose>
		<truncated>0</truncated>
		<difficult>0</difficult>
		<bndbox>
			<xmin>77.855</xmin>
			<ymin>316.67</ymin>
			<xmax>124.117</xmax>
			<ymax>433.775</ymax>
		</bndbox>
	</object>
	<object>
		<name>Knife</name>
		<pose>Unspecified</pose>
		<truncated>0</truncated>
		<difficult>0</difficult>
		<bndbox>
			<xmin>143.299</xmin>
			<ymin>162.839</ymin>
			<xmax>432.152</xmax>
			<ymax>251.534</ymax>
		</bndbox>
	</object>
	<object>
		<name>Knife</name>
		<pose>Unspecified</pose>
		<truncated>0</truncated>
		<difficult>0</difficult>
		<bndbox>
			<xmin>88.01</xmin>
			<ymin>155.91</ymin>
			<xmax>366.709</xmax>
			<ymax>313.898</ymax>
		</bndbox>
	</object>
	<object>
		<name>Knife</name>
		<pose>Unspecified</pose>
		<truncated>0</truncated>
		<difficult>0</difficult>
		<bndbox>
			<xmin>75.598</xmin>
			<ymin>129.578</ymin>
			<xmax>460.361</xmax>
			<ymax>412.987</ymax>
		</bndbox>
	</object>
</annotation>
