<annotation>
	<folder>X_ray</folder>
	<filename>P00309.jpg</filename>
	<source>
		<database>The X_ray Database</database>
		<annotation>The X_ray Database</annotation>
		<image>X_ray</image>
		<flickrid>0</flickrid>
	</source>
	<owner>
		<flickrid>miaocaijing16@mails.ucas.ac.ac</flickrid>
		<name>MeioJane</name>
	</owner>
	<size>
		<width>848</width>
		<height>573</height>
		<depth>3</depth>
	</size>
	<segmented>0</segmented>
	<object>
		<name>Knife</name>
		<pose>Unspecified</pose>
		<truncated>0</truncated>
		<difficult>0</difficult>
		<bndbox>
			<xmin>515.05</xmin>
			<ymin>268.905</ymin>
			<xmax>814.597</xmax>
			<ymax>361.196</ymax>
		</bndbox>
	</object>
	<object>
		<name>Knife</name>
		<pose>Unspecified</pose>
		<truncated>0</truncated>
		<difficult>0</difficult>
		<bndbox>
			<xmin>397.601</xmin>
			<ymin>225.083</ymin>
			<xmax>822.14</xmax>
			<ymax>424.272</ymax>
		</bndbox>
	</object>
	<object>
		<name>Knife</name>
		<pose>Unspecified</pose>
		<truncated>0</truncated>
		<difficult>0</difficult>
		<bndbox>
			<xmin>474.104</xmin>
			<ymin>160.015</ymin>
			<xmax>780.117</xmax>
			<ymax>235.043</ymax>
		</bndbox>
	</object>
	<object>
		<name>Gun</name>
		<pose>Unspecified</pose>
		<truncated>0</truncated>
		<difficult>0</difficult>
		<bndbox>
			<xmin>623.878</xmin>
			<ymin>367.171</ymin>
			<xmax>727.319</xmax>
			<ymax>466.766</ymax>
		</bndbox>
	</object>
	<object>
		<name>Gun</name>
		<pose>Unspecified</pose>
		<truncated>0</truncated>
		<difficult>0</difficult>
		<bndbox>
			<xmin>735.939</xmin>
			<ymin>367.171</ymin>
			<xmax>773.652</xmax>
			<ymax>478.717</ymax>
		</bndbox>
	</object>
</annotation>
