<annotation>
	<folder>X_ray</folder>
	<filename>P00592.jpg</filename>
	<source>
		<database>The X_ray Database</database>
		<annotation>The X_ray Database</annotation>
		<image>X_ray</image>
		<flickrid>0</flickrid>
	</source>
	<owner>
		<flickrid>miaocaijing16@mails.ucas.ac.ac</flickrid>
		<name>MeioJane</name>
	</owner>
	<size>
		<width>1536</width>
		<height>811</height>
		<depth>3</depth>
	</size>
	<segmented>0</segmented>
	<object>
		<name>Knife</name>
		<pose>Unspecified</pose>
		<truncated>0</truncated>
		<difficult>0</difficult>
		<bndbox>
			<xmin>124.91</xmin>
			<ymin>256.55</ymin>
			<xmax>569.901</xmax>
			<ymax>411.608</ymax>
		</bndbox>
	</object>
	<object>
		<name>Knife</name>
		<pose>Unspecified</pose>
		<truncated>0</truncated>
		<difficult>0</difficult>
		<bndbox>
			<xmin>150.282</xmin>
			<ymin>159.757</ymin>
			<xmax>525.011</xmax>
			<ymax>481.149</ymax>
		</bndbox>
	</object>
</annotation>
