<annotation>
	<folder>X_ray</folder>
	<filename>P00731.jpg</filename>
	<source>
		<database>The X_ray Database</database>
		<annotation>The X_ray Database</annotation>
		<image>X_ray</image>
		<flickrid>0</flickrid>
	</source>
	<owner>
		<flickrid>miaocaijing16@mails.ucas.ac.ac</flickrid>
		<name>MeioJane</name>
	</owner>
	<size>
		<width>714</width>
		<height>587</height>
		<depth>3</depth>
	</size>
	<segmented>0</segmented>
	<object>
		<name>Knife</name>
		<pose>Unspecified</pose>
		<truncated>0</truncated>
		<difficult>0</difficult>
		<bndbox>
			<xmin>267.637</xmin>
			<ymin>208.137</ymin>
			<xmax>669.545</xmax>
			<ymax>399.269</ymax>
		</bndbox>
	</object>
	<object>
		<name>Knife</name>
		<pose>Unspecified</pose>
		<truncated>0</truncated>
		<difficult>0</difficult>
		<bndbox>
			<xmin>269.451</xmin>
			<ymin>206.096</ymin>
			<xmax>672.267</xmax>
			<ymax>388.386</ymax>
		</bndbox>
	</object>
</annotation>
