<annotation>
	<folder>X_ray</folder>
	<filename>P01016.jpg</filename>
	<source>
		<database>The X_ray Database</database>
		<annotation>The X_ray Database</annotation>
		<image>X_ray</image>
		<flickrid>0</flickrid>
	</source>
	<owner>
		<flickrid>miaocaijing16@mails.ucas.ac.ac</flickrid>
		<name>MeioJane</name>
	</owner>
	<size>
		<width>871</width>
		<height>684</height>
		<depth>3</depth>
	</size>
	<segmented>0</segmented>
	<object>
		<name>Gun</name>
		<pose>Unspecified</pose>
		<truncated>0</truncated>
		<difficult>0</difficult>
		<bndbox>
			<xmin>363.009</xmin>
			<ymin>435.129</ymin>
			<xmax>572.182</xmax>
			<ymax>567.49</ymax>
		</bndbox>
	</object>
	<object>
		<name>Pliers</name>
		<pose>Unspecified</pose>
		<truncated>0</truncated>
		<difficult>0</difficult>
		<bndbox>
			<xmin>354.155</xmin>
			<ymin>106.206</ymin>
			<xmax>648.546</xmax>
			<ymax>274.234</ymax>
		</bndbox>
	</object>
	<object>
		<name>Pliers</name>
		<pose>Unspecified</pose>
		<truncated>0</truncated>
		<difficult>0</difficult>
		<bndbox>
			<xmin>334.234</xmin>
			<ymin>343.981</ymin>
			<xmax>516.845</xmax>
			<ymax>440.677</ymax>
		</bndbox>
	</object>
</annotation>
