<annotation>
	<folder>X_ray</folder>
	<filename>P01499.jpg</filename>
	<source>
		<database>The X_ray Database</database>
		<annotation>The X_ray Database</annotation>
		<image>X_ray</image>
		<flickrid>0</flickrid>
	</source>
	<owner>
		<flickrid>miaocaijing16@mails.ucas.ac.ac</flickrid>
		<name>MeioJane</name>
	</owner>
	<size>
		<width>837</width>
		<height>608</height>
		<depth>3</depth>
	</size>
	<segmented>0</segmented>
	<object>
		<name>Gun</name>
		<pose>Unspecified</pose>
		<truncated>0</truncated>
		<difficult>0</difficult>
		<bndbox>
			<xmin>207.389</xmin>
			<ymin>391.713</ymin>
			<xmax>405.206</xmax>
			<ymax>525.571</ymax>
		</bndbox>
	</object>
	<object>
		<name>Gun</name>
		<pose>Unspecified</pose>
		<truncated>0</truncated>
		<difficult>0</difficult>
		<bndbox>
			<xmin>269.074</xmin>
			<ymin>222.628</ymin>
			<xmax>443.493</xmax>
			<ymax>376.213</ymax>
		</bndbox>
	</object>
	<object>
		<name>Gun</name>
		<pose>Unspecified</pose>
		<truncated>0</truncated>
		<difficult>0</difficult>
		<bndbox>
			<xmin>482.844</xmin>
			<ymin>51.43</ymin>
			<xmax>590.26</xmax>
			<ymax>276.876</ymax>
		</bndbox>
	</object>
	<object>
		<name>Gun</name>
		<pose>Unspecified</pose>
		<truncated>0</truncated>
		<difficult>0</difficult>
		<bndbox>
			<xmin>513.686</xmin>
			<ymin>292.375</ymin>
			<xmax>639.183</xmax>
			<ymax>417.78</ymax>
		</bndbox>
	</object>
	<object>
		<name>Gun</name>
		<pose>Unspecified</pose>
		<truncated>0</truncated>
		<difficult>0</difficult>
		<bndbox>
			<xmin>227.596</xmin>
			<ymin>135.268</ymin>
			<xmax>438.175</xmax>
			<ymax>276.876</ymax>
		</bndbox>
	</object>
</annotation>
