<annotation>
	<folder>X_ray</folder>
	<filename>P01460.jpg</filename>
	<source>
		<database>The X_ray Database</database>
		<annotation>The X_ray Database</annotation>
		<image>X_ray</image>
		<flickrid>0</flickrid>
	</source>
	<owner>
		<flickrid>miaocaijing16@mails.ucas.ac.ac</flickrid>
		<name>MeioJane</name>
	</owner>
	<size>
		<width>711</width>
		<height>774</height>
		<depth>3</depth>
	</size>
	<segmented>0</segmented>
	<object>
		<name>Gun</name>
		<pose>Unspecified</pose>
		<truncated>0</truncated>
		<difficult>0</difficult>
		<bndbox>
			<xmin>288.194</xmin>
			<ymin>277.133</ymin>
			<xmax>465.267</xmax>
			<ymax>433.189</ymax>
		</bndbox>
	</object>
	<object>
		<name>Gun</name>
		<pose>Unspecified</pose>
		<truncated>0</truncated>
		<difficult>0</difficult>
		<bndbox>
			<xmin>322.525</xmin>
			<ymin>156.056</ymin>
			<xmax>488.756</xmax>
			<ymax>267.268</ymax>
		</bndbox>
	</object>
</annotation>
