<annotation>
	<folder>X_ray</folder>
	<filename>P01507.jpg</filename>
	<source>
		<database>The X_ray Database</database>
		<annotation>The X_ray Database</annotation>
		<image>X_ray</image>
		<flickrid>0</flickrid>
	</source>
	<owner>
		<flickrid>miaocaijing16@mails.ucas.ac.ac</flickrid>
		<name>MeioJane</name>
	</owner>
	<size>
		<width>918</width>
		<height>724</height>
		<depth>3</depth>
	</size>
	<segmented>0</segmented>
	<object>
		<name>Gun</name>
		<pose>Unspecified</pose>
		<truncated>0</truncated>
		<difficult>0</difficult>
		<bndbox>
			<xmin>586.727</xmin>
			<ymin>199.666</ymin>
			<xmax>716.203</xmax>
			<ymax>381.715</ymax>
		</bndbox>
	</object>
	<object>
		<name>Gun</name>
		<pose>Unspecified</pose>
		<truncated>0</truncated>
		<difficult>0</difficult>
		<bndbox>
			<xmin>458.417</xmin>
			<ymin>332.218</ymin>
			<xmax>641.55</xmax>
			<ymax>437.924</ymax>
		</bndbox>
	</object>
	<object>
		<name>Gun</name>
		<pose>Unspecified</pose>
		<truncated>0</truncated>
		<difficult>0</difficult>
		<bndbox>
			<xmin>221.626</xmin>
			<ymin>210.572</ymin>
			<xmax>423.423</xmax>
			<ymax>347.319</ymax>
		</bndbox>
	</object>
	<object>
		<name>Gun</name>
		<pose>Unspecified</pose>
		<truncated>0</truncated>
		<difficult>0</difficult>
		<bndbox>
			<xmin>191.299</xmin>
			<ymin>346.48</ymin>
			<xmax>358.102</xmax>
			<ymax>493.293</ymax>
		</bndbox>
	</object>
	<object>
		<name>Gun</name>
		<pose>Unspecified</pose>
		<truncated>0</truncated>
		<difficult>0</difficult>
		<bndbox>
			<xmin>375.598</xmin>
			<ymin>453.024</ymin>
			<xmax>597.225</xmax>
			<ymax>599.838</ymax>
		</bndbox>
	</object>
</annotation>
