<annotation>
	<folder>X_ray</folder>
	<filename>P01716.jpg</filename>
	<source>
		<database>The X_ray Database</database>
		<annotation>The X_ray Database</annotation>
		<image>X_ray</image>
		<flickrid>0</flickrid>
	</source>
	<owner>
		<flickrid>miaocaijing16@mails.ucas.ac.ac</flickrid>
		<name>MeioJane</name>
	</owner>
	<size>
		<width>642</width>
		<height>587</height>
		<depth>3</depth>
	</size>
	<segmented>0</segmented>
	<object>
		<name>Gun</name>
		<pose>Unspecified</pose>
		<truncated>0</truncated>
		<difficult>0</difficult>
		<bndbox>
			<xmin>337.723</xmin>
			<ymin>319.007</ymin>
			<xmax>445.403</xmax>
			<ymax>489.733</ymax>
		</bndbox>
	</object>
	<object>
		<name>Pliers</name>
		<pose>Unspecified</pose>
		<truncated>0</truncated>
		<difficult>0</difficult>
		<bndbox>
			<xmin>276.541</xmin>
			<ymin>121.753</ymin>
			<xmax>561.24</xmax>
			<ymax>246.907</ymax>
		</bndbox>
	</object>
	<object>
		<name>Pliers</name>
		<pose>Unspecified</pose>
		<truncated>0</truncated>
		<difficult>0</difficult>
		<bndbox>
			<xmin>56.287</xmin>
			<ymin>334.651</ymin>
			<xmax>225.149</xmax>
			<ymax>425.796</ymax>
		</bndbox>
	</object>
</annotation>
