<annotation>
	<folder>X_ray</folder>
	<filename>P01994.jpg</filename>
	<source>
		<database>The X_ray Database</database>
		<annotation>The X_ray Database</annotation>
		<image>X_ray</image>
		<flickrid>0</flickrid>
	</source>
	<owner>
		<flickrid>miaocaijing16@mails.ucas.ac.ac</flickrid>
		<name>MeioJane</name>
	</owner>
	<size>
		<width>552</width>
		<height>658</height>
		<depth>3</depth>
	</size>
	<segmented>0</segmented>
	<object>
		<name>Gun</name>
		<pose>Unspecified</pose>
		<truncated>0</truncated>
		<difficult>0</difficult>
		<bndbox>
			<xmin>94.689</xmin>
			<ymin>22.111</ymin>
			<xmax>288.274</xmax>
			<ymax>177.652</ymax>
		</bndbox>
	</object>
	<object>
		<name>Gun</name>
		<pose>Unspecified</pose>
		<truncated>0</truncated>
		<difficult>0</difficult>
		<bndbox>
			<xmin>178.856</xmin>
			<ymin>443.75</ymin>
			<xmax>351.4</xmax>
			<ymax>621.402</ymax>
		</bndbox>
	</object>
</annotation>
