<annotation>
	<folder>X_ray</folder>
	<filename>P02193.jpg</filename>
	<source>
		<database>The X_ray Database</database>
		<annotation>The X_ray Database</annotation>
		<image>X_ray</image>
		<flickrid>0</flickrid>
	</source>
	<owner>
		<flickrid>miaocaijing16@mails.ucas.ac.ac</flickrid>
		<name>MeioJane</name>
	</owner>
	<size>
		<width>517</width>
		<height>762</height>
		<depth>3</depth>
	</size>
	<segmented>0</segmented>
	<object>
		<name>Gun</name>
		<pose>Unspecified</pose>
		<truncated>0</truncated>
		<difficult>0</difficult>
		<bndbox>
			<xmin>3.285</xmin>
			<ymin>246.348</ymin>
			<xmax>126.13</xmax>
			<ymax>439.717</ymax>
		</bndbox>
	</object>
	<object>
		<name>Gun</name>
		<pose>Unspecified</pose>
		<truncated>0</truncated>
		<difficult>0</difficult>
		<bndbox>
			<xmin>292.332</xmin>
			<ymin>324.049</ymin>
			<xmax>399.41</xmax>
			<ymax>467.972</ymax>
		</bndbox>
	</object>
</annotation>
