<annotation>
	<folder>X_ray</folder>
	<filename>P02409.jpg</filename>
	<source>
		<database>The X_ray Database</database>
		<annotation>The X_ray Database</annotation>
		<image>X_ray</image>
		<flickrid>0</flickrid>
	</source>
	<owner>
		<flickrid>miaocaijing16@mails.ucas.ac.ac</flickrid>
		<name>MeioJane</name>
	</owner>
	<size>
		<width>842</width>
		<height>578</height>
		<depth>3</depth>
	</size>
	<segmented>0</segmented>
	<object>
		<name>Knife</name>
		<pose>Unspecified</pose>
		<truncated>0</truncated>
		<difficult>0</difficult>
		<bndbox>
			<xmin>166.902</xmin>
			<ymin>195.569</ymin>
			<xmax>338.084</xmax>
			<ymax>529.108</ymax>
		</bndbox>
	</object>
	<object>
		<name>Knife</name>
		<pose>Unspecified</pose>
		<truncated>0</truncated>
		<difficult>0</difficult>
		<bndbox>
			<xmin>40.656</xmin>
			<ymin>243.791</ymin>
			<xmax>236.445</xmax>
			<ymax>549.87</ymax>
		</bndbox>
	</object>
</annotation>
