<annotation>
	<folder>X_ray</folder>
	<filename>P02568.jpg</filename>
	<source>
		<database>The X_ray Database</database>
		<annotation>The X_ray Database</annotation>
		<image>X_ray</image>
		<flickrid>0</flickrid>
	</source>
	<owner>
		<flickrid>miaocaijing16@mails.ucas.ac.ac</flickrid>
		<name>MeioJane</name>
	</owner>
	<size>
		<width>908</width>
		<height>655</height>
		<depth>3</depth>
	</size>
	<segmented>0</segmented>
	<object>
		<name>Gun</name>
		<pose>Unspecified</pose>
		<truncated>0</truncated>
		<difficult>0</difficult>
		<bndbox>
			<xmin>444.193</xmin>
			<ymin>444.762</ymin>
			<xmax>625.332</xmax>
			<ymax>559.368</ymax>
		</bndbox>
	</object>
	<object>
		<name>Gun</name>
		<pose>Unspecified</pose>
		<truncated>0</truncated>
		<difficult>0</difficult>
		<bndbox>
			<xmin>636.869</xmin>
			<ymin>311.941</ymin>
			<xmax>764.935</xmax>
			<ymax>471.327</ymax>
		</bndbox>
	</object>
	<object>
		<name>Gun</name>
		<pose>Unspecified</pose>
		<truncated>0</truncated>
		<difficult>0</difficult>
		<bndbox>
			<xmin>738.399</xmin>
			<ymin>292.966</ymin>
			<xmax>816.854</xmax>
			<ymax>453.111</ymax>
		</bndbox>
	</object>
</annotation>
