<annotation>
	<folder>X_ray</folder>
	<filename>P02623.jpg</filename>
	<source>
		<database>The X_ray Database</database>
		<annotation>The X_ray Database</annotation>
		<image>X_ray</image>
		<flickrid>0</flickrid>
	</source>
	<owner>
		<flickrid>miaocaijing16@mails.ucas.ac.ac</flickrid>
		<name>MeioJane</name>
	</owner>
	<size>
		<width>856</width>
		<height>598</height>
		<depth>3</depth>
	</size>
	<segmented>0</segmented>
	<object>
		<name>Gun</name>
		<pose>Unspecified</pose>
		<truncated>0</truncated>
		<difficult>0</difficult>
		<bndbox>
			<xmin>98.978</xmin>
			<ymin>227.282</ymin>
			<xmax>232.762</xmax>
			<ymax>294.496</ymax>
		</bndbox>
	</object>
	<object>
		<name>Gun</name>
		<pose>Unspecified</pose>
		<truncated>0</truncated>
		<difficult>0</difficult>
		<bndbox>
			<xmin>65.26</xmin>
			<ymin>201.643</ymin>
			<xmax>106.592</xmax>
			<ymax>394.971</ymax>
		</bndbox>
	</object>
	<object>
		<name>Gun</name>
		<pose>Unspecified</pose>
		<truncated>0</truncated>
		<difficult>0</difficult>
		<bndbox>
			<xmin>47.858</xmin>
			<ymin>358.246</ymin>
			<xmax>160.976</xmax>
			<ymax>453.87</ymax>
		</bndbox>
	</object>
</annotation>
