<annotation>
	<folder>X_ray</folder>
	<filename>P03059.jpg</filename>
	<source>
		<database>The X_ray Database</database>
		<annotation>The X_ray Database</annotation>
		<image>X_ray</image>
		<flickrid>0</flickrid>
	</source>
	<owner>
		<flickrid>miaocaijing16@mails.ucas.ac.ac</flickrid>
		<name>MeioJane</name>
	</owner>
	<size>
		<width>678</width>
		<height>477</height>
		<depth>3</depth>
	</size>
	<segmented>0</segmented>
	<object>
		<name>Gun</name>
		<pose>Unspecified</pose>
		<truncated>0</truncated>
		<difficult>0</difficult>
		<bndbox>
			<xmin>533.268</xmin>
			<ymin>82.356</ymin>
			<xmax>617.695</xmax>
			<ymax>287.969</ymax>
		</bndbox>
	</object>
	<object>
		<name>Gun</name>
		<pose>Unspecified</pose>
		<truncated>0</truncated>
		<difficult>0</difficult>
		<bndbox>
			<xmin>447.98</xmin>
			<ymin>168.028</ymin>
			<xmax>632.341</xmax>
			<ymax>272.492</ymax>
		</bndbox>
	</object>
	<object>
		<name>Knife</name>
		<pose>Unspecified</pose>
		<truncated>0</truncated>
		<difficult>0</difficult>
		<bndbox>
			<xmin>609.942</xmin>
			<ymin>79.039</ymin>
			<xmax>656.463</xmax>
			<ymax>427.808</ymax>
		</bndbox>
	</object>
</annotation>
