<annotation>
	<folder>X_ray</folder>
	<filename>P03073.jpg</filename>
	<source>
		<database>The X_ray Database</database>
		<annotation>The X_ray Database</annotation>
		<image>X_ray</image>
		<flickrid>0</flickrid>
	</source>
	<owner>
		<flickrid>miaocaijing16@mails.ucas.ac.ac</flickrid>
		<name>MeioJane</name>
	</owner>
	<size>
		<width>676</width>
		<height>490</height>
		<depth>3</depth>
	</size>
	<segmented>0</segmented>
	<object>
		<name>Gun</name>
		<pose>Unspecified</pose>
		<truncated>0</truncated>
		<difficult>0</difficult>
		<bndbox>
			<xmin>25.769</xmin>
			<ymin>150.463</ymin>
			<xmax>187.253</xmax>
			<ymax>247.555</ymax>
		</bndbox>
	</object>
	<object>
		<name>Gun</name>
		<pose>Unspecified</pose>
		<truncated>0</truncated>
		<difficult>0</difficult>
		<bndbox>
			<xmin>4.295</xmin>
			<ymin>160.684</ymin>
			<xmax>100.498</xmax>
			<ymax>299.224</ymax>
		</bndbox>
	</object>
	<object>
		<name>Knife</name>
		<pose>Unspecified</pose>
		<truncated>0</truncated>
		<difficult>0</difficult>
		<bndbox>
			<xmin>30.064</xmin>
			<ymin>164.09</ymin>
			<xmax>140.869</xmax>
			<ymax>453.662</ymax>
		</bndbox>
	</object>
</annotation>
