<annotation>
	<folder>X_ray</folder>
	<filename>P03006.jpg</filename>
	<source>
		<database>The X_ray Database</database>
		<annotation>The X_ray Database</annotation>
		<image>X_ray</image>
		<flickrid>0</flickrid>
	</source>
	<owner>
		<flickrid>miaocaijing16@mails.ucas.ac.ac</flickrid>
		<name>MeioJane</name>
	</owner>
	<size>
		<width>852</width>
		<height>625</height>
		<depth>3</depth>
	</size>
	<segmented>0</segmented>
	<object>
		<name>Gun</name>
		<pose>Unspecified</pose>
		<truncated>0</truncated>
		<difficult>0</difficult>
		<bndbox>
			<xmin>598.673</xmin>
			<ymin>435.979</ymin>
			<xmax>689.611</xmax>
			<ymax>534.473</ymax>
		</bndbox>
	</object>
	<object>
		<name>Gun</name>
		<pose>Unspecified</pose>
		<truncated>0</truncated>
		<difficult>0</difficult>
		<bndbox>
			<xmin>731.832</xmin>
			<ymin>418.598</ymin>
			<xmax>772.971</xmax>
			<ymax>527.231</ymax>
		</bndbox>
	</object>
	<object>
		<name>Knife</name>
		<pose>Unspecified</pose>
		<truncated>0</truncated>
		<difficult>0</difficult>
		<bndbox>
			<xmin>359.421</xmin>
			<ymin>241.165</ymin>
			<xmax>772.971</xmax>
			<ymax>362.109</ymax>
		</bndbox>
	</object>
	<object>
		<name>Knife</name>
		<pose>Unspecified</pose>
		<truncated>0</truncated>
		<difficult>0</difficult>
		<bndbox>
			<xmin>407.055</xmin>
			<ymin>238.268</ymin>
			<xmax>735.08</xmax>
			<ymax>305.62</ymax>
		</bndbox>
	</object>
	<object>
		<name>Knife</name>
		<pose>Unspecified</pose>
		<truncated>0</truncated>
		<difficult>0</difficult>
		<bndbox>
			<xmin>442.78</xmin>
			<ymin>288.963</ymin>
			<xmax>759.98</xmax>
			<ymax>357.039</ymax>
		</bndbox>
	</object>
</annotation>
