<annotation>
	<folder>X_ray</folder>
	<filename>P03272.jpg</filename>
	<source>
		<database>The X_ray Database</database>
		<annotation>The X_ray Database</annotation>
		<image>X_ray</image>
		<flickrid>0</flickrid>
	</source>
	<owner>
		<flickrid>miaocaijing16@mails.ucas.ac.ac</flickrid>
		<name>MeioJane</name>
	</owner>
	<size>
		<width>778</width>
		<height>510</height>
		<depth>3</depth>
	</size>
	<segmented>0</segmented>
	<object>
		<name>Knife</name>
		<pose>Unspecified</pose>
		<truncated>0</truncated>
		<difficult>0</difficult>
		<bndbox>
			<xmin>102.811</xmin>
			<ymin>221.611</ymin>
			<xmax>416.186</xmax>
			<ymax>317.346</ymax>
		</bndbox>
	</object>
	<object>
		<name>Knife</name>
		<pose>Unspecified</pose>
		<truncated>0</truncated>
		<difficult>0</difficult>
		<bndbox>
			<xmin>74.142</xmin>
			<ymin>336.848</ymin>
			<xmax>499.225</xmax>
			<ymax>482.225</ymax>
		</bndbox>
	</object>
	<object>
		<name>Knife</name>
		<pose>Unspecified</pose>
		<truncated>0</truncated>
		<difficult>0</difficult>
		<bndbox>
			<xmin>85.017</xmin>
			<ymin>249.977</ymin>
			<xmax>470.557</xmax>
			<ymax>444.403</ymax>
		</bndbox>
	</object>
	<object>
		<name>Wrench</name>
		<pose>Unspecified</pose>
		<truncated>0</truncated>
		<difficult>0</difficult>
		<bndbox>
			<xmin>74.142</xmin>
			<ymin>252.932</ymin>
			<xmax>365.769</xmax>
			<ymax>494.044</ymax>
		</bndbox>
	</object>
	<object>
		<name>Wrench</name>
		<pose>Unspecified</pose>
		<truncated>0</truncated>
		<difficult>0</difficult>
		<bndbox>
			<xmin>95.891</xmin>
			<ymin>247.022</ymin>
			<xmax>320.295</xmax>
			<ymax>441.448</ymax>
		</bndbox>
	</object>
</annotation>
