<annotation>
	<folder>X_ray</folder>
	<filename>P03276.jpg</filename>
	<source>
		<database>The X_ray Database</database>
		<annotation>The X_ray Database</annotation>
		<image>X_ray</image>
		<flickrid>0</flickrid>
	</source>
	<owner>
		<flickrid>miaocaijing16@mails.ucas.ac.ac</flickrid>
		<name>MeioJane</name>
	</owner>
	<size>
		<width>744</width>
		<height>613</height>
		<depth>3</depth>
	</size>
	<segmented>0</segmented>
	<object>
		<name>Knife</name>
		<pose>Unspecified</pose>
		<truncated>0</truncated>
		<difficult>0</difficult>
		<bndbox>
			<xmin>104.935</xmin>
			<ymin>305.435</ymin>
			<xmax>492.534</xmax>
			<ymax>429.029</ymax>
		</bndbox>
	</object>
	<object>
		<name>Knife</name>
		<pose>Unspecified</pose>
		<truncated>0</truncated>
		<difficult>0</difficult>
		<bndbox>
			<xmin>159.766</xmin>
			<ymin>169.054</ymin>
			<xmax>338.44</xmax>
			<ymax>482.302</ymax>
		</bndbox>
	</object>
	<object>
		<name>Knife</name>
		<pose>Unspecified</pose>
		<truncated>0</truncated>
		<difficult>0</difficult>
		<bndbox>
			<xmin>119.116</xmin>
			<ymin>183.971</ymin>
			<xmax>303.461</xmax>
			<ymax>401.327</ymax>
		</bndbox>
	</object>
	<object>
		<name>Wrench</name>
		<pose>Unspecified</pose>
		<truncated>0</truncated>
		<difficult>0</difficult>
		<bndbox>
			<xmin>214.597</xmin>
			<ymin>224.459</ymin>
			<xmax>311.97</xmax>
			<ymax>537.707</ymax>
		</bndbox>
	</object>
	<object>
		<name>Wrench</name>
		<pose>Unspecified</pose>
		<truncated>0</truncated>
		<difficult>0</difficult>
		<bndbox>
			<xmin>187.182</xmin>
			<ymin>272.05</ymin>
			<xmax>268.483</xmax>
			<ymax>501.481</ymax>
		</bndbox>
	</object>
</annotation>
