<annotation>
	<folder>X_ray</folder>
	<filename>P03365.jpg</filename>
	<source>
		<database>The X_ray Database</database>
		<annotation>The X_ray Database</annotation>
		<image>X_ray</image>
		<flickrid>0</flickrid>
	</source>
	<owner>
		<flickrid>miaocaijing16@mails.ucas.ac.ac</flickrid>
		<name>MeioJane</name>
	</owner>
	<size>
		<width>700</width>
		<height>551</height>
		<depth>3</depth>
	</size>
	<segmented>0</segmented>
	<object>
		<name>Knife</name>
		<pose>Unspecified</pose>
		<truncated>0</truncated>
		<difficult>0</difficult>
		<bndbox>
			<xmin>197.459</xmin>
			<ymin>210.695</ymin>
			<xmax>619.06</xmax>
			<ymax>346.689</ymax>
		</bndbox>
	</object>
	<object>
		<name>Knife</name>
		<pose>Unspecified</pose>
		<truncated>0</truncated>
		<difficult>0</difficult>
		<bndbox>
			<xmin>243.71</xmin>
			<ymin>162.81</ymin>
			<xmax>606.607</xmax>
			<ymax>462.891</ymax>
		</bndbox>
	</object>
</annotation>
