<annotation>
	<folder>X_ray</folder>
	<filename>P03853.jpg</filename>
	<source>
		<database>The X_ray Database</database>
		<annotation>The X_ray Database</annotation>
		<image>X_ray</image>
		<flickrid>0</flickrid>
	</source>
	<owner>
		<flickrid>miaocaijing16@mails.ucas.ac.ac</flickrid>
		<name>MeioJane</name>
	</owner>
	<size>
		<width>234</width>
		<height>144</height>
		<depth>3</depth>
	</size>
	<segmented>0</segmented>
	<object>
		<name>Pliers</name>
		<pose>Unspecified</pose>
		<truncated>0</truncated>
		<difficult>0</difficult>
		<bndbox>
			<xmin>53.222</xmin>
			<ymin>58.234</ymin>
			<xmax>188.806</xmax>
			<ymax>104.788</ymax>
		</bndbox>
	</object>
	<object>
		<name>Pliers</name>
		<pose>Unspecified</pose>
		<truncated>0</truncated>
		<difficult>0</difficult>
		<bndbox>
			<xmin>45.194</xmin>
			<ymin>19.022</ymin>
			<xmax>215.268</xmax>
			<ymax>71.082</ymax>
		</bndbox>
	</object>
	<object>
		<name>Pliers</name>
		<pose>Unspecified</pose>
		<truncated>0</truncated>
		<difficult>0</difficult>
		<bndbox>
			<xmin>34.193</xmin>
			<ymin>74.419</ymin>
			<xmax>122.501</xmax>
			<ymax>124.144</ymax>
		</bndbox>
	</object>
</annotation>
