<annotation>
	<folder>X_ray</folder>
	<filename>P03991.jpg</filename>
	<source>
		<database>The X_ray Database</database>
		<annotation>The X_ray Database</annotation>
		<image>X_ray</image>
		<flickrid>0</flickrid>
	</source>
	<owner>
		<flickrid>miaocaijing16@mails.ucas.ac.ac</flickrid>
		<name>MeioJane</name>
	</owner>
	<size>
		<width>884</width>
		<height>598</height>
		<depth>3</depth>
	</size>
	<segmented>0</segmented>
	<object>
		<name>Pliers</name>
		<pose>Unspecified</pose>
		<truncated>0</truncated>
		<difficult>0</difficult>
		<bndbox>
			<xmin>317.881</xmin>
			<ymin>299.346</ymin>
			<xmax>434.699</xmax>
			<ymax>429.618</ymax>
		</bndbox>
	</object>
	<object>
		<name>Wrench</name>
		<pose>Unspecified</pose>
		<truncated>0</truncated>
		<difficult>0</difficult>
		<bndbox>
			<xmin>371.797</xmin>
			<ymin>335.379</ymin>
			<xmax>402.125</xmax>
			<ymax>468.422</ymax>
		</bndbox>
	</object>
</annotation>
