<annotation>
	<folder>X_ray</folder>
	<filename>P04218.jpg</filename>
	<source>
		<database>The X_ray Database</database>
		<annotation>The X_ray Database</annotation>
		<image>X_ray</image>
		<flickrid>0</flickrid>
	</source>
	<owner>
		<flickrid>miaocaijing16@mails.ucas.ac.ac</flickrid>
		<name>MeioJane</name>
	</owner>
	<size>
		<width>744</width>
		<height>706</height>
		<depth>3</depth>
	</size>
	<segmented>0</segmented>
	<object>
		<name>Pliers</name>
		<pose>Unspecified</pose>
		<truncated>0</truncated>
		<difficult>0</difficult>
		<bndbox>
			<xmin>622.048</xmin>
			<ymin>331.321</ymin>
			<xmax>713.748</xmax>
			<ymax>481.847</ymax>
		</bndbox>
	</object>
	<object>
		<name>Pliers</name>
		<pose>Unspecified</pose>
		<truncated>0</truncated>
		<difficult>0</difficult>
		<bndbox>
			<xmin>622.994</xmin>
			<ymin>369.771</ymin>
			<xmax>700.513</xmax>
			<ymax>467.94</ymax>
		</bndbox>
	</object>
</annotation>
