<annotation>
	<folder>X_ray</folder>
	<filename>P04681.jpg</filename>
	<source>
		<database>The X_ray Database</database>
		<annotation>The X_ray Database</annotation>
		<image>X_ray</image>
		<flickrid>0</flickrid>
	</source>
	<owner>
		<flickrid>miaocaijing16@mails.ucas.ac.ac</flickrid>
		<name>MeioJane</name>
	</owner>
	<size>
		<width>478</width>
		<height>425</height>
		<depth>3</depth>
	</size>
	<segmented>0</segmented>
	<object>
		<name>Pliers</name>
		<pose>Unspecified</pose>
		<truncated>0</truncated>
		<difficult>0</difficult>
		<bndbox>
			<xmin>135.443</xmin>
			<ymin>67.468</ymin>
			<xmax>252.058</xmax>
			<ymax>188.123</ymax>
		</bndbox>
	</object>
	<object>
		<name>Pliers</name>
		<pose>Unspecified</pose>
		<truncated>0</truncated>
		<difficult>0</difficult>
		<bndbox>
			<xmin>112.971</xmin>
			<ymin>178.273</ymin>
			<xmax>333.446</xmax>
			<ymax>233.922</ymax>
		</bndbox>
	</object>
	<object>
		<name>Pliers</name>
		<pose>Unspecified</pose>
		<truncated>0</truncated>
		<difficult>0</difficult>
		<bndbox>
			<xmin>220.475</xmin>
			<ymin>138.876</ymin>
			<xmax>374.747</xmax>
			<ymax>184.676</ymax>
		</bndbox>
	</object>
</annotation>
