<annotation>
	<folder>X_ray</folder>
	<filename>P04695.jpg</filename>
	<source>
		<database>The X_ray Database</database>
		<annotation>The X_ray Database</annotation>
		<image>X_ray</image>
		<flickrid>0</flickrid>
	</source>
	<owner>
		<flickrid>miaocaijing16@mails.ucas.ac.ac</flickrid>
		<name>MeioJane</name>
	</owner>
	<size>
		<width>627</width>
		<height>616</height>
		<depth>3</depth>
	</size>
	<segmented>0</segmented>
	<object>
		<name>Wrench</name>
		<pose>Unspecified</pose>
		<truncated>0</truncated>
		<difficult>0</difficult>
		<bndbox>
			<xmin>187.224</xmin>
			<ymin>296.222</ymin>
			<xmax>321.069</xmax>
			<ymax>501.794</ymax>
		</bndbox>
	</object>
</annotation>
