<annotation>
	<folder>X_ray</folder>
	<filename>P04781.jpg</filename>
	<source>
		<database>The X_ray Database</database>
		<annotation>The X_ray Database</annotation>
		<image>X_ray</image>
		<flickrid>0</flickrid>
	</source>
	<owner>
		<flickrid>miaocaijing16@mails.ucas.ac.ac</flickrid>
		<name>MeioJane</name>
	</owner>
	<size>
		<width>924</width>
		<height>659</height>
		<depth>3</depth>
	</size>
	<segmented>0</segmented>
	<object>
		<name>Scissors</name>
		<pose>Unspecified</pose>
		<truncated>0</truncated>
		<difficult>0</difficult>
		<bndbox>
			<xmin>347.527</xmin>
			<ymin>269.556</ymin>
			<xmax>423.842</xmax>
			<ymax>327.591</ymax>
		</bndbox>
	</object>
</annotation>
