<annotation>
	<folder>X_ray</folder>
	<filename>P04740.jpg</filename>
	<source>
		<database>The X_ray Database</database>
		<annotation>The X_ray Database</annotation>
		<image>X_ray</image>
		<flickrid>0</flickrid>
	</source>
	<owner>
		<flickrid>miaocaijing16@mails.ucas.ac.ac</flickrid>
		<name>MeioJane</name>
	</owner>
	<size>
		<width>642</width>
		<height>542</height>
		<depth>3</depth>
	</size>
	<segmented>0</segmented>
	<object>
		<name>Wrench</name>
		<pose>Unspecified</pose>
		<truncated>0</truncated>
		<difficult>0</difficult>
		<bndbox>
			<xmin>412.773</xmin>
			<ymin>285.131</ymin>
			<xmax>498.427</xmax>
			<ymax>395.038</ymax>
		</bndbox>
	</object>
	<object>
		<name>Pliers</name>
		<pose>Unspecified</pose>
		<truncated>0</truncated>
		<difficult>0</difficult>
		<bndbox>
			<xmin>379.327</xmin>
			<ymin>288.899</ymin>
			<xmax>502.506</xmax>
			<ymax>402.575</ymax>
		</bndbox>
	</object>
	<object>
		<name>Pliers</name>
		<pose>Unspecified</pose>
		<truncated>0</truncated>
		<difficult>0</difficult>
		<bndbox>
			<xmin>343.433</xmin>
			<ymin>207.882</ymin>
			<xmax>474.77</xmax>
			<ymax>400.063</ymax>
		</bndbox>
	</object>
</annotation>
