<annotation>
	<folder>X_ray</folder>
	<filename>P04966.jpg</filename>
	<source>
		<database>The X_ray Database</database>
		<annotation>The X_ray Database</annotation>
		<image>X_ray</image>
		<flickrid>0</flickrid>
	</source>
	<owner>
		<flickrid>miaocaijing16@mails.ucas.ac.ac</flickrid>
		<name>MeioJane</name>
	</owner>
	<size>
		<width>413</width>
		<height>991</height>
		<depth>3</depth>
	</size>
	<segmented>0</segmented>
	<object>
		<name>Pliers</name>
		<pose>Unspecified</pose>
		<truncated>0</truncated>
		<difficult>0</difficult>
		<bndbox>
			<xmin>144.314</xmin>
			<ymin>724.59</ymin>
			<xmax>309.619</xmax>
			<ymax>826.79</ymax>
		</bndbox>
	</object>
	<object>
		<name>Pliers</name>
		<pose>Unspecified</pose>
		<truncated>0</truncated>
		<difficult>0</difficult>
		<bndbox>
			<xmin>195.742</xmin>
			<ymin>737.221</ymin>
			<xmax>327.461</xmax>
			<ymax>894.541</ymax>
		</bndbox>
	</object>
</annotation>
