<annotation>
	<folder>X_ray</folder>
	<filename>P04902.jpg</filename>
	<source>
		<database>The X_ray Database</database>
		<annotation>The X_ray Database</annotation>
		<image>X_ray</image>
		<flickrid>0</flickrid>
	</source>
	<owner>
		<flickrid>miaocaijing16@mails.ucas.ac.ac</flickrid>
		<name>MeioJane</name>
	</owner>
	<size>
		<width>813</width>
		<height>991</height>
		<depth>3</depth>
	</size>
	<segmented>0</segmented>
	<object>
		<name>Pliers</name>
		<pose>Unspecified</pose>
		<truncated>0</truncated>
		<difficult>0</difficult>
		<bndbox>
			<xmin>635.318</xmin>
			<ymin>722.293</ymin>
			<xmax>764.447</xmax>
			<ymax>834.829</ymax>
		</bndbox>
	</object>
	<object>
		<name>Pliers</name>
		<pose>Unspecified</pose>
		<truncated>0</truncated>
		<difficult>0</difficult>
		<bndbox>
			<xmin>651.846</xmin>
			<ymin>691.289</ymin>
			<xmax>768.579</xmax>
			<ymax>824.494</ymax>
		</bndbox>
	</object>
	<object>
		<name>Wrench</name>
		<pose>Unspecified</pose>
		<truncated>0</truncated>
		<difficult>0</difficult>
		<bndbox>
			<xmin>485.527</xmin>
			<ymin>620.093</ymin>
			<xmax>695.234</xmax>
			<ymax>699.327</ymax>
		</bndbox>
	</object>
</annotation>
