<annotation>
	<folder>X_ray</folder>
	<filename>P05038.jpg</filename>
	<source>
		<database>The X_ray Database</database>
		<annotation>The X_ray Database</annotation>
		<image>X_ray</image>
		<flickrid>0</flickrid>
	</source>
	<owner>
		<flickrid>miaocaijing16@mails.ucas.ac.ac</flickrid>
		<name>MeioJane</name>
	</owner>
	<size>
		<width>905</width>
		<height>660</height>
		<depth>3</depth>
	</size>
	<segmented>0</segmented>
	<object>
		<name>Wrench</name>
		<pose>Unspecified</pose>
		<truncated>0</truncated>
		<difficult>0</difficult>
		<bndbox>
			<xmin>602.567</xmin>
			<ymin>419.096</ymin>
			<xmax>708.361</xmax>
			<ymax>487.926</ymax>
		</bndbox>
	</object>
	<object>
		<name>Wrench</name>
		<pose>Unspecified</pose>
		<truncated>0</truncated>
		<difficult>0</difficult>
		<bndbox>
			<xmin>592.217</xmin>
			<ymin>346.443</ymin>
			<xmax>755.508</xmax>
			<ymax>455.805</ymax>
		</bndbox>
	</object>
	<object>
		<name>Pliers</name>
		<pose>Unspecified</pose>
		<truncated>0</truncated>
		<difficult>0</difficult>
		<bndbox>
			<xmin>106.944</xmin>
			<ymin>431.333</ymin>
			<xmax>272.535</xmax>
			<ymax>491.75</ymax>
		</bndbox>
	</object>
	<object>
		<name>Pliers</name>
		<pose>Unspecified</pose>
		<truncated>0</truncated>
		<difficult>0</difficult>
		<bndbox>
			<xmin>656.614</xmin>
			<ymin>342.619</ymin>
			<xmax>818.755</xmax>
			<ymax>439.745</ymax>
		</bndbox>
	</object>
</annotation>
