<annotation>
	<folder>X_ray</folder>
	<filename>P05214.jpg</filename>
	<source>
		<database>The X_ray Database</database>
		<annotation>The X_ray Database</annotation>
		<image>X_ray</image>
		<flickrid>0</flickrid>
	</source>
	<owner>
		<flickrid>miaocaijing16@mails.ucas.ac.ac</flickrid>
		<name>MeioJane</name>
	</owner>
	<size>
		<width>861</width>
		<height>601</height>
		<depth>3</depth>
	</size>
	<segmented>0</segmented>
	<object>
		<name>Pliers</name>
		<pose>Unspecified</pose>
		<truncated>0</truncated>
		<difficult>0</difficult>
		<bndbox>
			<xmin>654.229</xmin>
			<ymin>153.906</ymin>
			<xmax>794.264</xmax>
			<ymax>231.207</ymax>
		</bndbox>
	</object>
	<object>
		<name>Pliers</name>
		<pose>Unspecified</pose>
		<truncated>0</truncated>
		<difficult>0</difficult>
		<bndbox>
			<xmin>683.767</xmin>
			<ymin>229.815</ymin>
			<xmax>799.734</xmax>
			<ymax>339.151</ymax>
		</bndbox>
	</object>
	<object>
		<name>Pliers</name>
		<pose>Unspecified</pose>
		<truncated>0</truncated>
		<difficult>0</difficult>
		<bndbox>
			<xmin>604.997</xmin>
			<ymin>227.725</ymin>
			<xmax>743.939</xmax>
			<ymax>304.33</ymax>
		</bndbox>
	</object>
</annotation>
