<annotation>
	<folder>X_ray</folder>
	<filename>P05311.jpg</filename>
	<source>
		<database>The X_ray Database</database>
		<annotation>The X_ray Database</annotation>
		<image>X_ray</image>
		<flickrid>0</flickrid>
	</source>
	<owner>
		<flickrid>miaocaijing16@mails.ucas.ac.ac</flickrid>
		<name>MeioJane</name>
	</owner>
	<size>
		<width>683</width>
		<height>451</height>
		<depth>3</depth>
	</size>
	<segmented>0</segmented>
	<object>
		<name>Scissors</name>
		<pose>Unspecified</pose>
		<truncated>0</truncated>
		<difficult>0</difficult>
		<bndbox>
			<xmin>296.806</xmin>
			<ymin>288.473</ymin>
			<xmax>354.952</xmax>
			<ymax>389.334</ymax>
		</bndbox>
	</object>
</annotation>
