<annotation>
	<folder>X_ray</folder>
	<filename>P05638.jpg</filename>
	<source>
		<database>The X_ray Database</database>
		<annotation>The X_ray Database</annotation>
		<image>X_ray</image>
		<flickrid>0</flickrid>
	</source>
	<owner>
		<flickrid>miaocaijing16@mails.ucas.ac.ac</flickrid>
		<name>MeioJane</name>
	</owner>
	<size>
		<width>505</width>
		<height>512</height>
		<depth>3</depth>
	</size>
	<segmented>0</segmented>
	<object>
		<name>Pliers</name>
		<pose>Unspecified</pose>
		<truncated>0</truncated>
		<difficult>0</difficult>
		<bndbox>
			<xmin>132.827</xmin>
			<ymin>239.092</ymin>
			<xmax>179.028</xmax>
			<ymax>392.751</ymax>
		</bndbox>
	</object>
	<object>
		<name>Wrench</name>
		<pose>Unspecified</pose>
		<truncated>0</truncated>
		<difficult>0</difficult>
		<bndbox>
			<xmin>166.836</xmin>
			<ymin>281.214</ymin>
			<xmax>198.278</xmax>
			<ymax>414.702</ymax>
		</bndbox>
	</object>
	<object>
		<name>Wrench</name>
		<pose>Unspecified</pose>
		<truncated>0</truncated>
		<difficult>0</difficult>
		<bndbox>
			<xmin>115.502</xmin>
			<ymin>372.579</ymin>
			<xmax>177.745</xmax>
			<ymax>449.112</ymax>
		</bndbox>
	</object>
</annotation>
