<annotation>
	<folder>X_ray</folder>
	<filename>P05628.jpg</filename>
	<source>
		<database>The X_ray Database</database>
		<annotation>The X_ray Database</annotation>
		<image>X_ray</image>
		<flickrid>0</flickrid>
	</source>
	<owner>
		<flickrid>miaocaijing16@mails.ucas.ac.ac</flickrid>
		<name>MeioJane</name>
	</owner>
	<size>
		<width>664</width>
		<height>507</height>
		<depth>3</depth>
	</size>
	<segmented>0</segmented>
	<object>
		<name>Wrench</name>
		<pose>Unspecified</pose>
		<truncated>0</truncated>
		<difficult>0</difficult>
		<bndbox>
			<xmin>238.77</xmin>
			<ymin>96.348</ymin>
			<xmax>304.579</xmax>
			<ymax>305.492</ymax>
		</bndbox>
	</object>
</annotation>
