<annotation>
	<folder>X_ray</folder>
	<filename>P05788.jpg</filename>
	<source>
		<database>The X_ray Database</database>
		<annotation>The X_ray Database</annotation>
		<image>X_ray</image>
		<flickrid>0</flickrid>
	</source>
	<owner>
		<flickrid>miaocaijing16@mails.ucas.ac.ac</flickrid>
		<name>MeioJane</name>
	</owner>
	<size>
		<width>795</width>
		<height>707</height>
		<depth>3</depth>
	</size>
	<segmented>0</segmented>
	<object>
		<name>Pliers</name>
		<pose>Unspecified</pose>
		<truncated>0</truncated>
		<difficult>0</difficult>
		<bndbox>
			<xmin>530.337</xmin>
			<ymin>361.283</ymin>
			<xmax>658.628</xmax>
			<ymax>511.203</ymax>
		</bndbox>
	</object>
	<object>
		<name>Pliers</name>
		<pose>Unspecified</pose>
		<truncated>0</truncated>
		<difficult>0</difficult>
		<bndbox>
			<xmin>519.225</xmin>
			<ymin>379.306</ymin>
			<xmax>633.374</xmax>
			<ymax>503.83</ymax>
		</bndbox>
	</object>
</annotation>
