<annotation>
	<folder>X_ray</folder>
	<filename>P05775.jpg</filename>
	<source>
		<database>The X_ray Database</database>
		<annotation>The X_ray Database</annotation>
		<image>X_ray</image>
		<flickrid>0</flickrid>
	</source>
	<owner>
		<flickrid>miaocaijing16@mails.ucas.ac.ac</flickrid>
		<name>MeioJane</name>
	</owner>
	<size>
		<width>398</width>
		<height>965</height>
		<depth>3</depth>
	</size>
	<segmented>0</segmented>
	<object>
		<name>Scissors</name>
		<pose>Unspecified</pose>
		<truncated>0</truncated>
		<difficult>0</difficult>
		<bndbox>
			<xmin>49.055</xmin>
			<ymin>715.643</ymin>
			<xmax>129.97</xmax>
			<ymax>896.79</ymax>
		</bndbox>
	</object>
	<object>
		<name>Scissors</name>
		<pose>Unspecified</pose>
		<truncated>0</truncated>
		<difficult>0</difficult>
		<bndbox>
			<xmin>119.855</xmin>
			<ymin>760.371</ymin>
			<xmax>174.978</xmax>
			<ymax>845.353</ymax>
		</bndbox>
	</object>
	<object>
		<name>Scissors</name>
		<pose>Unspecified</pose>
		<truncated>0</truncated>
		<difficult>0</difficult>
		<bndbox>
			<xmin>65.238</xmin>
			<ymin>729.061</ymin>
			<xmax>178.518</xmax>
			<ymax>888.963</ymax>
		</bndbox>
	</object>
	<object>
		<name>Scissors</name>
		<pose>Unspecified</pose>
		<truncated>0</truncated>
		<difficult>0</difficult>
		<bndbox>
			<xmin>85.466</xmin>
			<ymin>781.616</ymin>
			<xmax>139.578</xmax>
			<ymax>853.181</ymax>
		</bndbox>
	</object>
</annotation>
