<annotation>
	<folder>X_ray</folder>
	<filename>P05950.jpg</filename>
	<source>
		<database>The X_ray Database</database>
		<annotation>The X_ray Database</annotation>
		<image>X_ray</image>
		<flickrid>0</flickrid>
	</source>
	<owner>
		<flickrid>miaocaijing16@mails.ucas.ac.ac</flickrid>
		<name>MeioJane</name>
	</owner>
	<size>
		<width>487</width>
		<height>813</height>
		<depth>3</depth>
	</size>
	<segmented>0</segmented>
	<object>
		<name>Pliers</name>
		<pose>Unspecified</pose>
		<truncated>0</truncated>
		<difficult>0</difficult>
		<bndbox>
			<xmin>254.948</xmin>
			<ymin>323.127</ymin>
			<xmax>362.001</xmax>
			<ymax>497.409</ymax>
		</bndbox>
	</object>
	<object>
		<name>Pliers</name>
		<pose>Unspecified</pose>
		<truncated>0</truncated>
		<difficult>0</difficult>
		<bndbox>
			<xmin>285.269</xmin>
			<ymin>379.651</ymin>
			<xmax>354.576</xmax>
			<ymax>498.351</ymax>
		</bndbox>
	</object>
	<object>
		<name>Pliers</name>
		<pose>Unspecified</pose>
		<truncated>0</truncated>
		<difficult>0</difficult>
		<bndbox>
			<xmin>330.442</xmin>
			<ymin>361.752</ymin>
			<xmax>387.372</xmax>
			<ymax>499.293</ymax>
		</bndbox>
	</object>
</annotation>
