<annotation>
	<folder>X_ray</folder>
	<filename>P06085.jpg</filename>
	<source>
		<database>The X_ray Database</database>
		<annotation>The X_ray Database</annotation>
		<image>X_ray</image>
		<flickrid>0</flickrid>
	</source>
	<owner>
		<flickrid>miaocaijing16@mails.ucas.ac.ac</flickrid>
		<name>MeioJane</name>
	</owner>
	<size>
		<width>517</width>
		<height>595</height>
		<depth>3</depth>
	</size>
	<segmented>0</segmented>
	<object>
		<name>Pliers</name>
		<pose>Unspecified</pose>
		<truncated>0</truncated>
		<difficult>0</difficult>
		<bndbox>
			<xmin>342.258</xmin>
			<ymin>386.095</ymin>
			<xmax>390.87</xmax>
			<ymax>543.98</ymax>
		</bndbox>
	</object>
	<object>
		<name>Pliers</name>
		<pose>Unspecified</pose>
		<truncated>0</truncated>
		<difficult>0</difficult>
		<bndbox>
			<xmin>250.945</xmin>
			<ymin>346.796</ymin>
			<xmax>315.981</xmax>
			<ymax>477.793</ymax>
		</bndbox>
	</object>
	<object>
		<name>Pliers</name>
		<pose>Unspecified</pose>
		<truncated>0</truncated>
		<difficult>0</difficult>
		<bndbox>
			<xmin>274.595</xmin>
			<ymin>422.636</ymin>
			<xmax>356.71</xmax>
			<ymax>557.08</ymax>
		</bndbox>
	</object>
</annotation>
