<annotation>
	<folder>X_ray</folder>
	<filename>P06121.jpg</filename>
	<source>
		<database>The X_ray Database</database>
		<annotation>The X_ray Database</annotation>
		<image>X_ray</image>
		<flickrid>0</flickrid>
	</source>
	<owner>
		<flickrid>miaocaijing16@mails.ucas.ac.ac</flickrid>
		<name>MeioJane</name>
	</owner>
	<size>
		<width>421</width>
		<height>463</height>
		<depth>3</depth>
	</size>
	<segmented>0</segmented>
	<object>
		<name>Scissors</name>
		<pose>Unspecified</pose>
		<truncated>0</truncated>
		<difficult>0</difficult>
		<bndbox>
			<xmin>116.083</xmin>
			<ymin>281.126</ymin>
			<xmax>222.536</xmax>
			<ymax>365.357</ymax>
		</bndbox>
	</object>
</annotation>
