<annotation>
	<folder>X_ray</folder>
	<filename>P06246.jpg</filename>
	<source>
		<database>The X_ray Database</database>
		<annotation>The X_ray Database</annotation>
		<image>X_ray</image>
		<flickrid>0</flickrid>
	</source>
	<owner>
		<flickrid>miaocaijing16@mails.ucas.ac.ac</flickrid>
		<name>MeioJane</name>
	</owner>
	<size>
		<width>302</width>
		<height>257</height>
		<depth>3</depth>
	</size>
	<segmented>0</segmented>
	<object>
		<name>Scissors</name>
		<pose>Unspecified</pose>
		<truncated>0</truncated>
		<difficult>0</difficult>
		<bndbox>
			<xmin>87.492</xmin>
			<ymin>172.425</ymin>
			<xmax>163.471</xmax>
			<ymax>218.584</ymax>
		</bndbox>
	</object>
</annotation>
