<annotation>
	<folder>X_ray</folder>
	<filename>P06269.jpg</filename>
	<source>
		<database>The X_ray Database</database>
		<annotation>The X_ray Database</annotation>
		<image>X_ray</image>
		<flickrid>0</flickrid>
	</source>
	<owner>
		<flickrid>miaocaijing16@mails.ucas.ac.ac</flickrid>
		<name>MeioJane</name>
	</owner>
	<size>
		<width>208</width>
		<height>246</height>
		<depth>3</depth>
	</size>
	<segmented>0</segmented>
	<object>
		<name>Scissors</name>
		<pose>Unspecified</pose>
		<truncated>0</truncated>
		<difficult>0</difficult>
		<bndbox>
			<xmin>28.544</xmin>
			<ymin>87.226</ymin>
			<xmax>105.454</xmax>
			<ymax>208.373</ymax>
		</bndbox>
	</object>
	<object>
		<name>Scissors</name>
		<pose>Unspecified</pose>
		<truncated>0</truncated>
		<difficult>0</difficult>
		<bndbox>
			<xmin>38.058</xmin>
			<ymin>48.744</ymin>
			<xmax>92.503</xmax>
			<ymax>143.951</ymax>
		</bndbox>
	</object>
	<object>
		<name>Scissors</name>
		<pose>Unspecified</pose>
		<truncated>0</truncated>
		<difficult>0</difficult>
		<bndbox>
			<xmin>114.44</xmin>
			<ymin>105.184</ymin>
			<xmax>164.391</xmax>
			<ymax>202.102</ymax>
		</bndbox>
	</object>
	<object>
		<name>Scissors</name>
		<pose>Unspecified</pose>
		<truncated>0</truncated>
		<difficult>0</difficult>
		<bndbox>
			<xmin>74.531</xmin>
			<ymin>93.212</ymin>
			<xmax>128.712</xmax>
			<ymax>189.845</ymax>
		</bndbox>
	</object>
	<object>
		<name>Scissors</name>
		<pose>Unspecified</pose>
		<truncated>0</truncated>
		<difficult>0</difficult>
		<bndbox>
			<xmin>69.245</xmin>
			<ymin>52.45</ymin>
			<xmax>125.54</xmax>
			<ymax>153.073</ymax>
		</bndbox>
	</object>
</annotation>
