<annotation>
	<folder>X_ray</folder>
	<filename>P06268.jpg</filename>
	<source>
		<database>The X_ray Database</database>
		<annotation>The X_ray Database</annotation>
		<image>X_ray</image>
		<flickrid>0</flickrid>
	</source>
	<owner>
		<flickrid>miaocaijing16@mails.ucas.ac.ac</flickrid>
		<name>MeioJane</name>
	</owner>
	<size>
		<width>209</width>
		<height>247</height>
		<depth>3</depth>
	</size>
	<segmented>0</segmented>
	<object>
		<name>Scissors</name>
		<pose>Unspecified</pose>
		<truncated>0</truncated>
		<difficult>0</difficult>
		<bndbox>
			<xmin>32.133</xmin>
			<ymin>87.294</ymin>
			<xmax>106.757</xmax>
			<ymax>208.362</ymax>
		</bndbox>
	</object>
	<object>
		<name>Scissors</name>
		<pose>Unspecified</pose>
		<truncated>0</truncated>
		<difficult>0</difficult>
		<bndbox>
			<xmin>38.241</xmin>
			<ymin>49.514</ymin>
			<xmax>97.728</xmax>
			<ymax>153.409</ymax>
		</bndbox>
	</object>
	<object>
		<name>Scissors</name>
		<pose>Unspecified</pose>
		<truncated>0</truncated>
		<difficult>0</difficult>
		<bndbox>
			<xmin>113.928</xmin>
			<ymin>93.877</ymin>
			<xmax>165.447</xmax>
			<ymax>201.206</ymax>
		</bndbox>
	</object>
	<object>
		<name>Scissors</name>
		<pose>Unspecified</pose>
		<truncated>0</truncated>
		<difficult>0</difficult>
		<bndbox>
			<xmin>74.358</xmin>
			<ymin>71.553</ymin>
			<xmax>128.268</xmax>
			<ymax>191.189</ymax>
		</bndbox>
	</object>
	<object>
		<name>Scissors</name>
		<pose>Unspecified</pose>
		<truncated>0</truncated>
		<difficult>0</difficult>
		<bndbox>
			<xmin>70.109</xmin>
			<ymin>53.808</ymin>
			<xmax>124.55</xmax>
			<ymax>149.975</ymax>
		</bndbox>
	</object>
</annotation>
