<annotation>
	<folder>X_ray</folder>
	<filename>P06369.jpg</filename>
	<source>
		<database>The X_ray Database</database>
		<annotation>The X_ray Database</annotation>
		<image>X_ray</image>
		<flickrid>0</flickrid>
	</source>
	<owner>
		<flickrid>miaocaijing16@mails.ucas.ac.ac</flickrid>
		<name>MeioJane</name>
	</owner>
	<size>
		<width>605</width>
		<height>596</height>
		<depth>3</depth>
	</size>
	<segmented>0</segmented>
	<object>
		<name>Pliers</name>
		<pose>Unspecified</pose>
		<truncated>0</truncated>
		<difficult>0</difficult>
		<bndbox>
			<xmin>498.145</xmin>
			<ymin>273.483</ymin>
			<xmax>568.1</xmax>
			<ymax>431.634</ymax>
		</bndbox>
	</object>
	<object>
		<name>Pliers</name>
		<pose>Unspecified</pose>
		<truncated>0</truncated>
		<difficult>0</difficult>
		<bndbox>
			<xmin>352.853</xmin>
			<ymin>426.8</ymin>
			<xmax>486.614</xmax>
			<ymax>493.789</ymax>
		</bndbox>
	</object>
</annotation>
