<annotation>
	<folder>X_ray</folder>
	<filename>P06419.jpg</filename>
	<source>
		<database>The X_ray Database</database>
		<annotation>The X_ray Database</annotation>
		<image>X_ray</image>
		<flickrid>0</flickrid>
	</source>
	<owner>
		<flickrid>miaocaijing16@mails.ucas.ac.ac</flickrid>
		<name>MeioJane</name>
	</owner>
	<size>
		<width>333</width>
		<height>276</height>
		<depth>3</depth>
	</size>
	<segmented>0</segmented>
	<object>
		<name>Scissors</name>
		<pose>Unspecified</pose>
		<truncated>0</truncated>
		<difficult>0</difficult>
		<bndbox>
			<xmin>92.241</xmin>
			<ymin>193.168</ymin>
			<xmax>184.06</xmax>
			<ymax>233.784</ymax>
		</bndbox>
	</object>
</annotation>
