<annotation>
	<folder>X_ray</folder>
	<filename>P06427.jpg</filename>
	<source>
		<database>The X_ray Database</database>
		<annotation>The X_ray Database</annotation>
		<image>X_ray</image>
		<flickrid>0</flickrid>
	</source>
	<owner>
		<flickrid>miaocaijing16@mails.ucas.ac.ac</flickrid>
		<name>MeioJane</name>
	</owner>
	<size>
		<width>618</width>
		<height>880</height>
		<depth>3</depth>
	</size>
	<segmented>0</segmented>
	<object>
		<name>Scissors</name>
		<pose>Unspecified</pose>
		<truncated>0</truncated>
		<difficult>0</difficult>
		<bndbox>
			<xmin>54.183</xmin>
			<ymin>540.44</ymin>
			<xmax>175.113</xmax>
			<ymax>736.222</ymax>
		</bndbox>
	</object>
</annotation>
