<annotation>
	<folder>X_ray</folder>
	<filename>P06426.jpg</filename>
	<source>
		<database>The X_ray Database</database>
		<annotation>The X_ray Database</annotation>
		<image>X_ray</image>
		<flickrid>0</flickrid>
	</source>
	<owner>
		<flickrid>miaocaijing16@mails.ucas.ac.ac</flickrid>
		<name>MeioJane</name>
	</owner>
	<size>
		<width>618</width>
		<height>566</height>
		<depth>3</depth>
	</size>
	<segmented>0</segmented>
	<object>
		<name>Scissors</name>
		<pose>Unspecified</pose>
		<truncated>0</truncated>
		<difficult>0</difficult>
		<bndbox>
			<xmin>45.545</xmin>
			<ymin>232.171</ymin>
			<xmax>182.966</xmax>
			<ymax>409.907</ymax>
		</bndbox>
	</object>
</annotation>
