<annotation>
	<folder>X_ray</folder>
	<filename>P06469.jpg</filename>
	<source>
		<database>The X_ray Database</database>
		<annotation>The X_ray Database</annotation>
		<image>X_ray</image>
		<flickrid>0</flickrid>
	</source>
	<owner>
		<flickrid>miaocaijing16@mails.ucas.ac.ac</flickrid>
		<name>MeioJane</name>
	</owner>
	<size>
		<width>666</width>
		<height>663</height>
		<depth>3</depth>
	</size>
	<segmented>0</segmented>
	<object>
		<name>Pliers</name>
		<pose>Unspecified</pose>
		<truncated>0</truncated>
		<difficult>0</difficult>
		<bndbox>
			<xmin>256.414</xmin>
			<ymin>290.399</ymin>
			<xmax>322.422</xmax>
			<ymax>398.722</ymax>
		</bndbox>
	</object>
	<object>
		<name>Pliers</name>
		<pose>Unspecified</pose>
		<truncated>0</truncated>
		<difficult>0</difficult>
		<bndbox>
			<xmin>290.264</xmin>
			<ymin>324.97</ymin>
			<xmax>350.348</xmax>
			<ymax>457.109</ymax>
		</bndbox>
	</object>
</annotation>
