<annotation>
	<folder>X_ray</folder>
	<filename>P06530.jpg</filename>
	<source>
		<database>The X_ray Database</database>
		<annotation>The X_ray Database</annotation>
		<image>X_ray</image>
		<flickrid>0</flickrid>
	</source>
	<owner>
		<flickrid>miaocaijing16@mails.ucas.ac.ac</flickrid>
		<name>MeioJane</name>
	</owner>
	<size>
		<width>523</width>
		<height>405</height>
		<depth>3</depth>
	</size>
	<segmented>0</segmented>
	<object>
		<name>Scissors</name>
		<pose>Unspecified</pose>
		<truncated>0</truncated>
		<difficult>0</difficult>
		<bndbox>
			<xmin>231.263</xmin>
			<ymin>206.02</ymin>
			<xmax>312.338</xmax>
			<ymax>242.155</ymax>
		</bndbox>
	</object>
	<object>
		<name>Scissors</name>
		<pose>Unspecified</pose>
		<truncated>0</truncated>
		<difficult>0</difficult>
		<bndbox>
			<xmin>400.723</xmin>
			<ymin>124.363</ymin>
			<xmax>469.836</xmax>
			<ymax>197.103</ymax>
		</bndbox>
	</object>
</annotation>
