<annotation>
	<folder>X_ray</folder>
	<filename>P06552.jpg</filename>
	<source>
		<database>The X_ray Database</database>
		<annotation>The X_ray Database</annotation>
		<image>X_ray</image>
		<flickrid>0</flickrid>
	</source>
	<owner>
		<flickrid>miaocaijing16@mails.ucas.ac.ac</flickrid>
		<name>MeioJane</name>
	</owner>
	<size>
		<width>1236</width>
		<height>597</height>
		<depth>3</depth>
	</size>
	<segmented>0</segmented>
	<object>
		<name>Scissors</name>
		<pose>Unspecified</pose>
		<truncated>0</truncated>
		<difficult>0</difficult>
		<bndbox>
			<xmin>628.208</xmin>
			<ymin>201.998</ymin>
			<xmax>741.286</xmax>
			<ymax>247.655</ymax>
		</bndbox>
	</object>
</annotation>
