<annotation>
	<folder>X_ray</folder>
	<filename>P06518.jpg</filename>
	<source>
		<database>The X_ray Database</database>
		<annotation>The X_ray Database</annotation>
		<image>X_ray</image>
		<flickrid>0</flickrid>
	</source>
	<owner>
		<flickrid>miaocaijing16@mails.ucas.ac.ac</flickrid>
		<name>MeioJane</name>
	</owner>
	<size>
		<width>406</width>
		<height>466</height>
		<depth>3</depth>
	</size>
	<segmented>0</segmented>
	<object>
		<name>Scissors</name>
		<pose>Unspecified</pose>
		<truncated>0</truncated>
		<difficult>0</difficult>
		<bndbox>
			<xmin>155.281</xmin>
			<ymin>185.212</ymin>
			<xmax>263.616</xmax>
			<ymax>329.926</ymax>
		</bndbox>
	</object>
	<object>
		<name>Scissors</name>
		<pose>Unspecified</pose>
		<truncated>0</truncated>
		<difficult>0</difficult>
		<bndbox>
			<xmin>164.051</xmin>
			<ymin>178.192</ymin>
			<xmax>231.632</xmax>
			<ymax>266.209</ymax>
		</bndbox>
	</object>
</annotation>
