<annotation>
	<folder>X_ray</folder>
	<filename>P06591.jpg</filename>
	<source>
		<database>The X_ray Database</database>
		<annotation>The X_ray Database</annotation>
		<image>X_ray</image>
		<flickrid>0</flickrid>
	</source>
	<owner>
		<flickrid>miaocaijing16@mails.ucas.ac.ac</flickrid>
		<name>MeioJane</name>
	</owner>
	<size>
		<width>424</width>
		<height>376</height>
		<depth>3</depth>
	</size>
	<segmented>0</segmented>
	<object>
		<name>Pliers</name>
		<pose>Unspecified</pose>
		<truncated>0</truncated>
		<difficult>0</difficult>
		<bndbox>
			<xmin>181.022</xmin>
			<ymin>86.702</ymin>
			<xmax>308.706</xmax>
			<ymax>149.006</ymax>
		</bndbox>
	</object>
	<object>
		<name>Pliers</name>
		<pose>Unspecified</pose>
		<truncated>0</truncated>
		<difficult>0</difficult>
		<bndbox>
			<xmin>206.882</xmin>
			<ymin>137.678</ymin>
			<xmax>337.26</xmax>
			<ymax>177.761</ymax>
		</bndbox>
	</object>
	<object>
		<name>Pliers</name>
		<pose>Unspecified</pose>
		<truncated>0</truncated>
		<difficult>0</difficult>
		<bndbox>
			<xmin>222.506</xmin>
			<ymin>110.665</ymin>
			<xmax>328.102</xmax>
			<ymax>159.898</ymax>
		</bndbox>
	</object>
</annotation>
