<annotation>
	<folder>X_ray</folder>
	<filename>P06725.jpg</filename>
	<source>
		<database>The X_ray Database</database>
		<annotation>The X_ray Database</annotation>
		<image>X_ray</image>
		<flickrid>0</flickrid>
	</source>
	<owner>
		<flickrid>miaocaijing16@mails.ucas.ac.ac</flickrid>
		<name>MeioJane</name>
	</owner>
	<size>
		<width>1500</width>
		<height>950</height>
		<depth>3</depth>
	</size>
	<segmented>0</segmented>
	<object>
		<name>Pliers</name>
		<pose>Unspecified</pose>
		<truncated>0</truncated>
		<difficult>0</difficult>
		<bndbox>
			<xmin>1101.652</xmin>
			<ymin>728.737</ymin>
			<xmax>1242.694</xmax>
			<ymax>811.298</ymax>
		</bndbox>
	</object>
</annotation>
