<annotation>
	<folder>X_ray</folder>
	<filename>P06708.jpg</filename>
	<source>
		<database>The X_ray Database</database>
		<annotation>The X_ray Database</annotation>
		<image>X_ray</image>
		<flickrid>0</flickrid>
	</source>
	<owner>
		<flickrid>miaocaijing16@mails.ucas.ac.ac</flickrid>
		<name>MeioJane</name>
	</owner>
	<size>
		<width>486</width>
		<height>704</height>
		<depth>3</depth>
	</size>
	<segmented>0</segmented>
	<object>
		<name>Wrench</name>
		<pose>Unspecified</pose>
		<truncated>0</truncated>
		<difficult>0</difficult>
		<bndbox>
			<xmin>193.288</xmin>
			<ymin>115.838</ymin>
			<xmax>325.441</xmax>
			<ymax>229.228</ymax>
		</bndbox>
	</object>
	<object>
		<name>Wrench</name>
		<pose>Unspecified</pose>
		<truncated>0</truncated>
		<difficult>0</difficult>
		<bndbox>
			<xmin>230.958</xmin>
			<ymin>134.6</ymin>
			<xmax>327.294</xmax>
			<ymax>225.149</ymax>
		</bndbox>
	</object>
	<object>
		<name>Wrench</name>
		<pose>Unspecified</pose>
		<truncated>0</truncated>
		<difficult>0</difficult>
		<bndbox>
			<xmin>102.511</xmin>
			<ymin>152.547</ymin>
			<xmax>178.468</xmax>
			<ymax>278.99</ymax>
		</bndbox>
	</object>
</annotation>
