<annotation>
	<folder>X_ray</folder>
	<filename>P06745.jpg</filename>
	<source>
		<database>The X_ray Database</database>
		<annotation>The X_ray Database</annotation>
		<image>X_ray</image>
		<flickrid>0</flickrid>
	</source>
	<owner>
		<flickrid>miaocaijing16@mails.ucas.ac.ac</flickrid>
		<name>MeioJane</name>
	</owner>
	<size>
		<width>357</width>
		<height>543</height>
		<depth>3</depth>
	</size>
	<segmented>0</segmented>
	<object>
		<name>Pliers</name>
		<pose>Unspecified</pose>
		<truncated>0</truncated>
		<difficult>0</difficult>
		<bndbox>
			<xmin>153.324</xmin>
			<ymin>247.276</ymin>
			<xmax>292.586</xmax>
			<ymax>346.06</ymax>
		</bndbox>
	</object>
	<object>
		<name>Pliers</name>
		<pose>Unspecified</pose>
		<truncated>0</truncated>
		<difficult>0</difficult>
		<bndbox>
			<xmin>185.531</xmin>
			<ymin>189.389</ymin>
			<xmax>283.06</xmax>
			<ymax>334.105</ymax>
		</bndbox>
	</object>
	<object>
		<name>Wrench</name>
		<pose>Unspecified</pose>
		<truncated>0</truncated>
		<difficult>0</difficult>
		<bndbox>
			<xmin>183.717</xmin>
			<ymin>174.289</ymin>
			<xmax>279.884</xmax>
			<ymax>335.364</ymax>
		</bndbox>
	</object>
</annotation>
