<annotation>
	<folder>X_ray</folder>
	<filename>P07075.jpg</filename>
	<source>
		<database>The X_ray Database</database>
		<annotation>The X_ray Database</annotation>
		<image>X_ray</image>
		<flickrid>0</flickrid>
	</source>
	<owner>
		<flickrid>miaocaijing16@mails.ucas.ac.ac</flickrid>
		<name>MeioJane</name>
	</owner>
	<size>
		<width>309</width>
		<height>612</height>
		<depth>3</depth>
	</size>
	<segmented>0</segmented>
	<object>
		<name>Wrench</name>
		<pose>Unspecified</pose>
		<truncated>0</truncated>
		<difficult>0</difficult>
		<bndbox>
			<xmin>102.869</xmin>
			<ymin>404.927</ymin>
			<xmax>229.689</xmax>
			<ymax>589.307</ymax>
		</bndbox>
	</object>
	<object>
		<name>Wrench</name>
		<pose>Unspecified</pose>
		<truncated>0</truncated>
		<difficult>0</difficult>
		<bndbox>
			<xmin>116.219</xmin>
			<ymin>471.587</ymin>
			<xmax>245.394</xmax>
			<ymax>533.993</ymax>
		</bndbox>
	</object>
	<object>
		<name>Wrench</name>
		<pose>Unspecified</pose>
		<truncated>0</truncated>
		<difficult>0</difficult>
		<bndbox>
			<xmin>102.869</xmin>
			<ymin>485.771</ymin>
			<xmax>244.216</xmax>
			<ymax>535.411</ymax>
		</bndbox>
	</object>
	<object>
		<name>Wrench</name>
		<pose>Unspecified</pose>
		<truncated>0</truncated>
		<difficult>0</difficult>
		<bndbox>
			<xmin>110.722</xmin>
			<ymin>524.065</ymin>
			<xmax>200.634</xmax>
			<ymax>579.379</ymax>
		</bndbox>
	</object>
	<object>
		<name>Wrench</name>
		<pose>Unspecified</pose>
		<truncated>0</truncated>
		<difficult>0</difficult>
		<bndbox>
			<xmin>173.543</xmin>
			<ymin>526.192</ymin>
			<xmax>254.424</xmax>
			<ymax>560.941</ymax>
		</bndbox>
	</object>
</annotation>
