<annotation>
	<folder>X_ray</folder>
	<filename>P07177.jpg</filename>
	<source>
		<database>The X_ray Database</database>
		<annotation>The X_ray Database</annotation>
		<image>X_ray</image>
		<flickrid>0</flickrid>
	</source>
	<owner>
		<flickrid>miaocaijing16@mails.ucas.ac.ac</flickrid>
		<name>MeioJane</name>
	</owner>
	<size>
		<width>780</width>
		<height>535</height>
		<depth>3</depth>
	</size>
	<segmented>0</segmented>
	<object>
		<name>Wrench</name>
		<pose>Unspecified</pose>
		<truncated>0</truncated>
		<difficult>0</difficult>
		<bndbox>
			<xmin>366.709</xmin>
			<ymin>275.249</ymin>
			<xmax>598.628</xmax>
			<ymax>327.323</ymax>
		</bndbox>
	</object>
	<object>
		<name>Wrench</name>
		<pose>Unspecified</pose>
		<truncated>0</truncated>
		<difficult>0</difficult>
		<bndbox>
			<xmin>339.949</xmin>
			<ymin>298.187</ymin>
			<xmax>560.966</xmax>
			<ymax>345.301</ymax>
		</bndbox>
	</object>
	<object>
		<name>Wrench</name>
		<pose>Unspecified</pose>
		<truncated>0</truncated>
		<difficult>0</difficult>
		<bndbox>
			<xmin>325.083</xmin>
			<ymin>242.393</ymin>
			<xmax>588.717</xmax>
			<ymax>310.585</ymax>
		</bndbox>
	</object>
</annotation>
