<annotation>
	<folder>X_ray</folder>
	<filename>P07175.jpg</filename>
	<source>
		<database>The X_ray Database</database>
		<annotation>The X_ray Database</annotation>
		<image>X_ray</image>
		<flickrid>0</flickrid>
	</source>
	<owner>
		<flickrid>miaocaijing16@mails.ucas.ac.ac</flickrid>
		<name>MeioJane</name>
	</owner>
	<size>
		<width>782</width>
		<height>853</height>
		<depth>3</depth>
	</size>
	<segmented>0</segmented>
	<object>
		<name>Wrench</name>
		<pose>Unspecified</pose>
		<truncated>0</truncated>
		<difficult>0</difficult>
		<bndbox>
			<xmin>329.891</xmin>
			<ymin>557.465</ymin>
			<xmax>587.245</xmax>
			<ymax>626.654</ymax>
		</bndbox>
	</object>
	<object>
		<name>Wrench</name>
		<pose>Unspecified</pose>
		<truncated>0</truncated>
		<difficult>0</difficult>
		<bndbox>
			<xmin>372.618</xmin>
			<ymin>589.094</ymin>
			<xmax>605.131</xmax>
			<ymax>649.387</ymax>
		</bndbox>
	</object>
	<object>
		<name>Wrench</name>
		<pose>Unspecified</pose>
		<truncated>0</truncated>
		<difficult>0</difficult>
		<bndbox>
			<xmin>343.802</xmin>
			<ymin>617.758</ymin>
			<xmax>564.391</xmax>
			<ymax>663.225</ymax>
		</bndbox>
	</object>
</annotation>
