<annotation>
	<folder>X_ray</folder>
	<filename>P07261.jpg</filename>
	<source>
		<database>The X_ray Database</database>
		<annotation>The X_ray Database</annotation>
		<image>X_ray</image>
		<flickrid>0</flickrid>
	</source>
	<owner>
		<flickrid>miaocaijing16@mails.ucas.ac.ac</flickrid>
		<name>MeioJane</name>
	</owner>
	<size>
		<width>354</width>
		<height>980</height>
		<depth>3</depth>
	</size>
	<segmented>0</segmented>
	<object>
		<name>Pliers</name>
		<pose>Unspecified</pose>
		<truncated>0</truncated>
		<difficult>0</difficult>
		<bndbox>
			<xmin>85.914</xmin>
			<ymin>688.158</ymin>
			<xmax>174.976</xmax>
			<ymax>802.851</ymax>
		</bndbox>
	</object>
	<object>
		<name>Pliers</name>
		<pose>Unspecified</pose>
		<truncated>0</truncated>
		<difficult>0</difficult>
		<bndbox>
			<xmin>197.466</xmin>
			<ymin>769.919</ymin>
			<xmax>291.476</xmax>
			<ymax>828.969</ymax>
		</bndbox>
	</object>
	<object>
		<name>Pliers</name>
		<pose>Unspecified</pose>
		<truncated>0</truncated>
		<difficult>0</difficult>
		<bndbox>
			<xmin>139.891</xmin>
			<ymin>747.207</ymin>
			<xmax>279.781</xmax>
			<ymax>847.138</ymax>
		</bndbox>
	</object>
</annotation>
