<annotation>
	<folder>X_ray</folder>
	<filename>P07415.jpg</filename>
	<source>
		<database>The X_ray Database</database>
		<annotation>The X_ray Database</annotation>
		<image>X_ray</image>
		<flickrid>0</flickrid>
	</source>
	<owner>
		<flickrid>miaocaijing16@mails.ucas.ac.ac</flickrid>
		<name>MeioJane</name>
	</owner>
	<size>
		<width>888</width>
		<height>563</height>
		<depth>3</depth>
	</size>
	<segmented>0</segmented>
	<object>
		<name>Pliers</name>
		<pose>Unspecified</pose>
		<truncated>0</truncated>
		<difficult>0</difficult>
		<bndbox>
			<xmin>607.044</xmin>
			<ymin>269.431</ymin>
			<xmax>734.546</xmax>
			<ymax>380.335</ymax>
		</bndbox>
	</object>
	<object>
		<name>Pliers</name>
		<pose>Unspecified</pose>
		<truncated>0</truncated>
		<difficult>0</difficult>
		<bndbox>
			<xmin>700.696</xmin>
			<ymin>263.56</ymin>
			<xmax>785.321</xmax>
			<ymax>349.673</ymax>
		</bndbox>
	</object>
	<object>
		<name>Pliers</name>
		<pose>Unspecified</pose>
		<truncated>0</truncated>
		<difficult>0</difficult>
		<bndbox>
			<xmin>573.194</xmin>
			<ymin>237.465</ymin>
			<xmax>666.846</xmax>
			<ymax>388.163</ymax>
		</bndbox>
	</object>
	<object>
		<name>Pliers</name>
		<pose>Unspecified</pose>
		<truncated>0</truncated>
		<difficult>0</difficult>
		<bndbox>
			<xmin>660.076</xmin>
			<ymin>309.878</ymin>
			<xmax>818.043</xmax>
			<ymax>384.249</ymax>
		</bndbox>
	</object>
</annotation>
