<annotation>
	<folder>X_ray</folder>
	<filename>P07574.jpg</filename>
	<source>
		<database>The X_ray Database</database>
		<annotation>The X_ray Database</annotation>
		<image>X_ray</image>
		<flickrid>0</flickrid>
	</source>
	<owner>
		<flickrid>miaocaijing16@mails.ucas.ac.ac</flickrid>
		<name>MeioJane</name>
	</owner>
	<size>
		<width>522</width>
		<height>1035</height>
		<depth>3</depth>
	</size>
	<segmented>0</segmented>
	<object>
		<name>Wrench</name>
		<pose>Unspecified</pose>
		<truncated>0</truncated>
		<difficult>0</difficult>
		<bndbox>
			<xmin>285.21</xmin>
			<ymin>587.659</ymin>
			<xmax>499.449</xmax>
			<ymax>795.139</ymax>
		</bndbox>
	</object>
	<object>
		<name>Wrench</name>
		<pose>Unspecified</pose>
		<truncated>0</truncated>
		<difficult>0</difficult>
		<bndbox>
			<xmin>238.78</xmin>
			<ymin>682.404</ymin>
			<xmax>388.018</xmax>
			<ymax>785.545</ymax>
		</bndbox>
	</object>
	<object>
		<name>Wrench</name>
		<pose>Unspecified</pose>
		<truncated>0</truncated>
		<difficult>0</difficult>
		<bndbox>
			<xmin>350.874</xmin>
			<ymin>694.397</ymin>
			<xmax>438.427</xmax>
			<ymax>807.132</ymax>
		</bndbox>
	</object>
</annotation>
