<annotation>
	<folder>X_ray</folder>
	<filename>P08046.jpg</filename>
	<source>
		<database>The X_ray Database</database>
		<annotation>The X_ray Database</annotation>
		<image>X_ray</image>
		<flickrid>0</flickrid>
	</source>
	<owner>
		<flickrid>miaocaijing16@mails.ucas.ac.ac</flickrid>
		<name>MeioJane</name>
	</owner>
	<size>
		<width>458</width>
		<height>409</height>
		<depth>3</depth>
	</size>
	<segmented>0</segmented>
	<object>
		<name>Pliers</name>
		<pose>Unspecified</pose>
		<truncated>0</truncated>
		<difficult>0</difficult>
		<bndbox>
			<xmin>166.44</xmin>
			<ymin>174.406</ymin>
			<xmax>273.52</xmax>
			<ymax>278.67</ymax>
		</bndbox>
	</object>
	<object>
		<name>Pliers</name>
		<pose>Unspecified</pose>
		<truncated>0</truncated>
		<difficult>0</difficult>
		<bndbox>
			<xmin>197.865</xmin>
			<ymin>206.633</ymin>
			<xmax>277.593</xmax>
			<ymax>299.049</ymax>
		</bndbox>
	</object>
	<object>
		<name>Pliers</name>
		<pose>Unspecified</pose>
		<truncated>0</truncated>
		<difficult>0</difficult>
		<bndbox>
			<xmin>402.714</xmin>
			<ymin>146.444</ymin>
			<xmax>430.648</xmax>
			<ymax>267.295</ymax>
		</bndbox>
	</object>
</annotation>
