<annotation>
	<folder>X_ray</folder>
	<filename>P08045.jpg</filename>
	<source>
		<database>The X_ray Database</database>
		<annotation>The X_ray Database</annotation>
		<image>X_ray</image>
		<flickrid>0</flickrid>
	</source>
	<owner>
		<flickrid>miaocaijing16@mails.ucas.ac.ac</flickrid>
		<name>MeioJane</name>
	</owner>
	<size>
		<width>458</width>
		<height>409</height>
		<depth>3</depth>
	</size>
	<segmented>0</segmented>
	<object>
		<name>Pliers</name>
		<pose>Unspecified</pose>
		<truncated>0</truncated>
		<difficult>0</difficult>
		<bndbox>
			<xmin>199.029</xmin>
			<ymin>205.211</ymin>
			<xmax>278.757</xmax>
			<ymax>299.049</ymax>
		</bndbox>
	</object>
	<object>
		<name>Pliers</name>
		<pose>Unspecified</pose>
		<truncated>0</truncated>
		<difficult>0</difficult>
		<bndbox>
			<xmin>165.858</xmin>
			<ymin>175.353</ymin>
			<xmax>274.102</xmax>
			<ymax>278.196</ymax>
		</bndbox>
	</object>
	<object>
		<name>Pliers</name>
		<pose>Unspecified</pose>
		<truncated>0</truncated>
		<difficult>0</difficult>
		<bndbox>
			<xmin>403.296</xmin>
			<ymin>147.866</ymin>
			<xmax>432.394</xmax>
			<ymax>265.874</ymax>
		</bndbox>
	</object>
</annotation>
