<annotation>
	<folder>X_ray</folder>
	<filename>P08047.jpg</filename>
	<source>
		<database>The X_ray Database</database>
		<annotation>The X_ray Database</annotation>
		<image>X_ray</image>
		<flickrid>0</flickrid>
	</source>
	<owner>
		<flickrid>miaocaijing16@mails.ucas.ac.ac</flickrid>
		<name>MeioJane</name>
	</owner>
	<size>
		<width>458</width>
		<height>785</height>
		<depth>3</depth>
	</size>
	<segmented>0</segmented>
	<object>
		<name>Pliers</name>
		<pose>Unspecified</pose>
		<truncated>0</truncated>
		<difficult>0</difficult>
		<bndbox>
			<xmin>199.611</xmin>
			<ymin>581.246</ymin>
			<xmax>281.085</xmax>
			<ymax>684.942</ymax>
		</bndbox>
	</object>
	<object>
		<name>Pliers</name>
		<pose>Unspecified</pose>
		<truncated>0</truncated>
		<difficult>0</difficult>
		<bndbox>
			<xmin>177.497</xmin>
			<ymin>532.126</ymin>
			<xmax>261.299</xmax>
			<ymax>663.111</ymax>
		</bndbox>
	</object>
	<object>
		<name>Pliers</name>
		<pose>Unspecified</pose>
		<truncated>0</truncated>
		<difficult>0</difficult>
		<bndbox>
			<xmin>403.296</xmin>
			<ymin>523.94</ymin>
			<xmax>431.812</xmax>
			<ymax>645.829</ymax>
		</bndbox>
	</object>
</annotation>
