<annotation>
	<folder>X_ray</folder>
	<filename>P08269.jpg</filename>
	<source>
		<database>The X_ray Database</database>
		<annotation>The X_ray Database</annotation>
		<image>X_ray</image>
		<flickrid>0</flickrid>
	</source>
	<owner>
		<flickrid>miaocaijing16@mails.ucas.ac.ac</flickrid>
		<name>MeioJane</name>
	</owner>
	<size>
		<width>795</width>
		<height>816</height>
		<depth>3</depth>
	</size>
	<segmented>0</segmented>
	<object>
		<name>Wrench</name>
		<pose>Unspecified</pose>
		<truncated>0</truncated>
		<difficult>0</difficult>
		<bndbox>
			<xmin>521.245</xmin>
			<ymin>613.655</ymin>
			<xmax>638.424</xmax>
			<ymax>671.333</ymax>
		</bndbox>
	</object>
	<object>
		<name>Wrench</name>
		<pose>Unspecified</pose>
		<truncated>0</truncated>
		<difficult>0</difficult>
		<bndbox>
			<xmin>447.503</xmin>
			<ymin>715.773</ymin>
			<xmax>656.607</xmax>
			<ymax>782.906</ymax>
		</bndbox>
	</object>
</annotation>
