<annotation>
	<folder>X_ray</folder>
	<filename>P08296.jpg</filename>
	<source>
		<database>The X_ray Database</database>
		<annotation>The X_ray Database</annotation>
		<image>X_ray</image>
		<flickrid>0</flickrid>
	</source>
	<owner>
		<flickrid>miaocaijing16@mails.ucas.ac.ac</flickrid>
		<name>MeioJane</name>
	</owner>
	<size>
		<width>306</width>
		<height>422</height>
		<depth>3</depth>
	</size>
	<segmented>0</segmented>
	<object>
		<name>Pliers</name>
		<pose>Unspecified</pose>
		<truncated>0</truncated>
		<difficult>0</difficult>
		<bndbox>
			<xmin>87.095</xmin>
			<ymin>161.367</ymin>
			<xmax>126.366</xmax>
			<ymax>282.637</ymax>
		</bndbox>
	</object>
	<object>
		<name>Pliers</name>
		<pose>Unspecified</pose>
		<truncated>0</truncated>
		<difficult>0</difficult>
		<bndbox>
			<xmin>97.205</xmin>
			<ymin>165.279</ymin>
			<xmax>164.081</xmax>
			<ymax>299.752</ymax>
		</bndbox>
	</object>
	<object>
		<name>Pliers</name>
		<pose>Unspecified</pose>
		<truncated>0</truncated>
		<difficult>0</difficult>
		<bndbox>
			<xmin>72.709</xmin>
			<ymin>190.218</ymin>
			<xmax>120.534</xmax>
			<ymax>287.527</ymax>
		</bndbox>
	</object>
	<object>
		<name>Pliers</name>
		<pose>Unspecified</pose>
		<truncated>0</truncated>
		<difficult>0</difficult>
		<bndbox>
			<xmin>91.761</xmin>
			<ymin>167.235</ymin>
			<xmax>175.746</xmax>
			<ymax>334.959</ymax>
		</bndbox>
	</object>
</annotation>
