<annotation>
	<folder>X_ray</folder>
	<filename>P08252.jpg</filename>
	<source>
		<database>The X_ray Database</database>
		<annotation>The X_ray Database</annotation>
		<image>X_ray</image>
		<flickrid>0</flickrid>
	</source>
	<owner>
		<flickrid>miaocaijing16@mails.ucas.ac.ac</flickrid>
		<name>MeioJane</name>
	</owner>
	<size>
		<width>527</width>
		<height>818</height>
		<depth>3</depth>
	</size>
	<segmented>0</segmented>
	<object>
		<name>Pliers</name>
		<pose>Unspecified</pose>
		<truncated>0</truncated>
		<difficult>0</difficult>
		<bndbox>
			<xmin>103.793</xmin>
			<ymin>597.149</ymin>
			<xmax>250.442</xmax>
			<ymax>772.503</ymax>
		</bndbox>
	</object>
</annotation>
