<annotation>
	<folder>X_ray</folder>
	<filename>P08326.jpg</filename>
	<source>
		<database>The X_ray Database</database>
		<annotation>The X_ray Database</annotation>
		<image>X_ray</image>
		<flickrid>0</flickrid>
	</source>
	<owner>
		<flickrid>miaocaijing16@mails.ucas.ac.ac</flickrid>
		<name>MeioJane</name>
	</owner>
	<size>
		<width>443</width>
		<height>529</height>
		<depth>3</depth>
	</size>
	<segmented>0</segmented>
	<object>
		<name>Pliers</name>
		<pose>Unspecified</pose>
		<truncated>0</truncated>
		<difficult>0</difficult>
		<bndbox>
			<xmin>221.219</xmin>
			<ymin>366.561</ymin>
			<xmax>323.666</xmax>
			<ymax>451.152</ymax>
		</bndbox>
	</object>
	<object>
		<name>Pliers</name>
		<pose>Unspecified</pose>
		<truncated>0</truncated>
		<difficult>0</difficult>
		<bndbox>
			<xmin>104.699</xmin>
			<ymin>335.299</ymin>
			<xmax>265.687</xmax>
			<ymax>441.957</ymax>
		</bndbox>
	</object>
</annotation>
