<annotation>
	<folder>X_ray</folder>
	<filename>P08480.jpg</filename>
	<source>
		<database>The X_ray Database</database>
		<annotation>The X_ray Database</annotation>
		<image>X_ray</image>
		<flickrid>0</flickrid>
	</source>
	<owner>
		<flickrid>miaocaijing16@mails.ucas.ac.ac</flickrid>
		<name>MeioJane</name>
	</owner>
	<size>
		<width>641</width>
		<height>511</height>
		<depth>3</depth>
	</size>
	<segmented>0</segmented>
	<object>
		<name>Scissors</name>
		<pose>Unspecified</pose>
		<truncated>0</truncated>
		<difficult>0</difficult>
		<bndbox>
			<xmin>158.825</xmin>
			<ymin>311.455</ymin>
			<xmax>299.731</xmax>
			<ymax>362.97</ymax>
		</bndbox>
	</object>
	<object>
		<name>Scissors</name>
		<pose>Unspecified</pose>
		<truncated>0</truncated>
		<difficult>0</difficult>
		<bndbox>
			<xmin>154.752</xmin>
			<ymin>307.311</ymin>
			<xmax>285.07</xmax>
			<ymax>357.641</ymax>
		</bndbox>
	</object>
</annotation>
