<annotation>
	<folder>X_ray</folder>
	<filename>P08621.jpg</filename>
	<source>
		<database>The X_ray Database</database>
		<annotation>The X_ray Database</annotation>
		<image>X_ray</image>
		<flickrid>0</flickrid>
	</source>
	<owner>
		<flickrid>miaocaijing16@mails.ucas.ac.ac</flickrid>
		<name>MeioJane</name>
	</owner>
	<size>
		<width>731</width>
		<height>544</height>
		<depth>3</depth>
	</size>
	<segmented>0</segmented>
	<object>
		<name>Wrench</name>
		<pose>Unspecified</pose>
		<truncated>0</truncated>
		<difficult>0</difficult>
		<bndbox>
			<xmin>332.526</xmin>
			<ymin>183.435</ymin>
			<xmax>413.335</xmax>
			<ymax>319.592</ymax>
		</bndbox>
	</object>
	<object>
		<name>Wrench</name>
		<pose>Unspecified</pose>
		<truncated>0</truncated>
		<difficult>0</difficult>
		<bndbox>
			<xmin>172.765</xmin>
			<ymin>178.392</ymin>
			<xmax>391.972</xmax>
			<ymax>282.401</ymax>
		</bndbox>
	</object>
	<object>
		<name>Wrench</name>
		<pose>Unspecified</pose>
		<truncated>0</truncated>
		<difficult>0</difficult>
		<bndbox>
			<xmin>218.278</xmin>
			<ymin>249.622</ymin>
			<xmax>378.039</xmax>
			<ymax>331.569</ymax>
		</bndbox>
	</object>
</annotation>
