<annotation>
	<folder>X_ray</folder>
	<filename>P08871.jpg</filename>
	<source>
		<database>The X_ray Database</database>
		<annotation>The X_ray Database</annotation>
		<image>X_ray</image>
		<flickrid>0</flickrid>
	</source>
	<owner>
		<flickrid>miaocaijing16@mails.ucas.ac.ac</flickrid>
		<name>MeioJane</name>
	</owner>
	<size>
		<width>1500</width>
		<height>1263</height>
		<depth>3</depth>
	</size>
	<segmented>0</segmented>
	<object>
		<name>Gun</name>
		<pose>Unspecified</pose>
		<truncated>0</truncated>
		<difficult>0</difficult>
		<bndbox>
			<xmin>468.75</xmin>
			<ymin>364.459</ymin>
			<xmax>814.286</xmax>
			<ymax>843.528</ymax>
		</bndbox>
	</object>
</annotation>
