<annotation>
	<folder>X_ray</folder>
	<filename>P08874.jpg</filename>
	<source>
		<database>The X_ray Database</database>
		<annotation>The X_ray Database</annotation>
		<image>X_ray</image>
		<flickrid>0</flickrid>
	</source>
	<owner>
		<flickrid>miaocaijing16@mails.ucas.ac.ac</flickrid>
		<name>MeioJane</name>
	</owner>
	<size>
		<width>547</width>
		<height>516</height>
		<depth>1</depth>
	</size>
	<segmented>0</segmented>
	<object>
		<name>Knife</name>
		<pose>Unspecified</pose>
		<truncated>0</truncated>
		<difficult>0</difficult>
		<bndbox>
			<xmin>198.288</xmin>
			<ymin>102.076</ymin>
			<xmax>350.666</xmax>
			<ymax>225.691</ymax>
		</bndbox>
	</object>
</annotation>
