<annotation>
	<folder>X_ray</folder>
	<filename>P08903.jpg</filename>
	<source>
		<database>The X_ray Database</database>
		<annotation>The X_ray Database</annotation>
		<image>X_ray</image>
		<flickrid>0</flickrid>
	</source>
	<owner>
		<flickrid>miaocaijing16@mails.ucas.ac.ac</flickrid>
		<name>MeioJane</name>
	</owner>
	<size>
		<width>398</width>
		<height>188</height>
		<depth>3</depth>
	</size>
	<segmented>0</segmented>
	<object>
		<name>Gun</name>
		<pose>Unspecified</pose>
		<truncated>0</truncated>
		<difficult>0</difficult>
		<bndbox>
			<xmin>37.668</xmin>
			<ymin>93.488</ymin>
			<xmax>109.45</xmax>
			<ymax>150.468</ymax>
		</bndbox>
	</object>
	<object>
		<name>Gun</name>
		<pose>Unspecified</pose>
		<truncated>0</truncated>
		<difficult>0</difficult>
		<bndbox>
			<xmin>31.982</xmin>
			<ymin>91.441</ymin>
			<xmax>63.254</xmax>
			<ymax>137.844</ymax>
		</bndbox>
	</object>
	<object>
		<name>Gun</name>
		<pose>Unspecified</pose>
		<truncated>0</truncated>
		<difficult>0</difficult>
		<bndbox>
			<xmin>279.311</xmin>
			<ymin>45.038</ymin>
			<xmax>334.746</xmax>
			<ymax>82.911</ymax>
		</bndbox>
	</object>
	<object>
		<name>Gun</name>
		<pose>Unspecified</pose>
		<truncated>0</truncated>
		<difficult>0</difficult>
		<bndbox>
			<xmin>276.468</xmin>
			<ymin>45.721</ymin>
			<xmax>299.921</xmax>
			<ymax>74.381</ymax>
		</bndbox>
	</object>
	<object>
		<name>Gun</name>
		<pose>Unspecified</pose>
		<truncated>0</truncated>
		<difficult>0</difficult>
		<bndbox>
			<xmin>274.336</xmin>
			<ymin>141.597</ymin>
			<xmax>298.5</xmax>
			<ymax>170.599</ymax>
		</bndbox>
	</object>
	<object>
		<name>Gun</name>
		<pose>Unspecified</pose>
		<truncated>0</truncated>
		<difficult>0</difficult>
		<bndbox>
			<xmin>280.021</xmin>
			<ymin>142.962</ymin>
			<xmax>331.904</xmax>
			<ymax>180.494</ymax>
		</bndbox>
	</object>
</annotation>
