<annotation>
	<folder>X_ray</folder>
	<filename>P08911.jpg</filename>
	<source>
		<database>The X_ray Database</database>
		<annotation>The X_ray Database</annotation>
		<image>X_ray</image>
		<flickrid>0</flickrid>
	</source>
	<owner>
		<flickrid>miaocaijing16@mails.ucas.ac.ac</flickrid>
		<name>MeioJane</name>
	</owner>
	<size>
		<width>215</width>
		<height>234</height>
		<depth>3</depth>
	</size>
	<segmented>0</segmented>
	<object>
		<name>Gun</name>
		<pose>Unspecified</pose>
		<truncated>0</truncated>
		<difficult>0</difficult>
		<bndbox>
			<xmin>112.491</xmin>
			<ymin>41.619</ymin>
			<xmax>149.348</xmax>
			<ymax>152.461</ymax>
		</bndbox>
	</object>
</annotation>
