<annotation>
	<folder>X_ray</folder>
	<filename>P08900.jpg</filename>
	<source>
		<database>The X_ray Database</database>
		<annotation>The X_ray Database</annotation>
		<image>X_ray</image>
		<flickrid>0</flickrid>
	</source>
	<owner>
		<flickrid>miaocaijing16@mails.ucas.ac.ac</flickrid>
		<name>MeioJane</name>
	</owner>
	<size>
		<width>606</width>
		<height>442</height>
		<depth>3</depth>
	</size>
	<segmented>0</segmented>
	<object>
		<name>Gun</name>
		<pose>Unspecified</pose>
		<truncated>0</truncated>
		<difficult>0</difficult>
		<bndbox>
			<xmin>326.807</xmin>
			<ymin>198.138</ymin>
			<xmax>552.975</xmax>
			<ymax>334.508</ymax>
		</bndbox>
	</object>
	<object>
		<name>Scissors</name>
		<pose>Unspecified</pose>
		<truncated>0</truncated>
		<difficult>0</difficult>
		<bndbox>
			<xmin>152.582</xmin>
			<ymin>95.459</ymin>
			<xmax>343.039</xmax>
			<ymax>273.543</ymax>
		</bndbox>
	</object>
</annotation>
